country,1992,1993,1994,1995,1996,1997,1998,1999,2000,2001,2002,2003,2004,2005,2006,2007,2008,2009,2010,2011,2012,2013,2014,2015,2016,2017
Afghanistan,18.0925424449,18.2949306618,18.4289082377,18.4834398113,18.4811937273,18.4636475241,18.4398054041,18.402616486600003,18.3613363512,18.2780645897,18.1379507663,17.9588490364,17.7888249685,17.6479111993,17.5399139833,17.4443175961,17.3571101606,17.275369381799997,17.203450300100002,17.1362996378,17.073037011700002,17.0177075521,16.9551694404,16.9095152365,16.868402166499997,16.830856836
Albania,11.042431842,11.0626818081,11.0783114859,11.0882841041,11.0900794854,11.0866764158,11.0821969354,11.0737711095,11.0635937675,11.0533612696,11.0424667409,11.0284185695,11.0171081983,11.0002005223,10.9813293826,10.961920098,10.9434852914,10.9307548567,10.9177234859,10.907697833,10.9017225286,10.8957368005,10.8888280089,10.8833788983,10.8772359253,10.8771176907
Algeria,14.7075988175,14.7089430941,14.7128369541,14.7136964403,14.7109066353,14.7044377514,14.7023659828,14.7000692997,14.6961988995,14.6880443675,14.6738400709,14.6493466515,14.6278761596,14.6085534312,14.5869297531,14.5622748239,14.5413464068,14.5234415041,14.5128028316,14.5111151608,14.507678406899998,14.5148553514,14.5178871225,14.5238817673,14.5340841594,14.5480154061
American Samoa,10.8336064209,10.83597724,10.8400841068,10.8440451973,10.8471104718,10.8524429073,10.8558320197,10.8610461703,10.8612917468,10.8641941211,10.8626158409,10.8615380111,10.8640913695,10.8638615717,10.8643450664,10.8675378892,10.8710401411,10.8756494964,10.8755232558,10.8753170346,10.8746590484,10.8729874999,10.8726313694,10.870501731,10.8680855622,10.8680774975
Andean Latin America,12.3733970605,12.3838448875,12.3936269929,12.4003482594,12.404104388,12.4003222474,12.3948473142,12.3869024943,12.3818531234,12.3818492234,12.3860058594,12.3918537093,12.3992751068,12.4022903437,12.4029115086,12.3986062669,12.3958572753,12.3967198858,12.3956781851,12.3948355441,12.3943910615,12.3964399679,12.3953271264,12.3985484448,12.4006352409,12.4034599669
Andorra,14.7233102135,14.7156188059,14.7258105827,14.7375495516,14.740240435,14.740939324,14.7388585584,14.7371479338,14.7419095802,14.7483898969,14.7516721544,14.7457732525,14.7363452941,14.7344409644,14.7246180631,14.7139254897,14.7025377499,14.6938174427,14.6939017317,14.7213688599,14.7202465567,14.7225359793,14.7209717011,14.7171789347,14.7173903818,14.7179040524
Angola,12.51384317,12.5226569516,12.5291865658,12.5347951653,12.5341927024,12.5340907418,12.5345740877,12.531368183,12.5324546804,12.5249572212,12.5063892285,12.4867084973,12.4616466029,12.4484273072,12.4363511502,12.4217263793,12.4123378934,12.4038113804,12.4003188238,12.3970032966,12.3979742237,12.3957789198,12.3943218821,12.396675753,12.392752088,12.398913329200001
Antigua and Barbuda,13.1491219655,13.1474137927,13.1479300491,13.1502102847,13.154833312,13.162217903,13.174484563,13.1799694739,13.1858476499,13.1927203307,13.198722645800002,13.2037271343,13.2076059499,13.2080421565,13.2074057301,13.2068447732,13.204343393099998,13.202850385,13.2011694643,13.2054427686,13.2111425862,13.2123429322,13.2167768106,13.2213611781,13.2289258427,13.2382813283
Argentina,15.5212808204,15.5367047601,15.5520353556,15.5645283238,15.576191307199998,15.5854820688,15.5934226004,15.607245268,15.6169462189,15.6305016665,15.6466874403,15.6610405397,15.6759316035,15.683627859,15.6846842763,15.6861931156,15.6906153038,15.6915467669,15.6956241608,15.6981676134,15.7028335675,15.7097121738,15.715807410900002,15.7238087719,15.7289372947,15.7382665508
Armenia,10.6617904598,10.6725058611,10.681709525,10.691822789,10.7025735984,10.7235561135,10.742611675,10.764208654,10.7774581897,10.7792939833,10.777302619,10.7696910024,10.758299052,10.7488700933,10.7383896226,10.7211987776,10.7048666851,10.6917244323,10.6815097037,10.6781773576,10.6745802865,10.6727661295,10.6778334803,10.6803562445,10.6890016623,10.6976474732
Australasia,18.258773422,18.3087958807,18.3448286927,18.3618343659,18.3720325861,18.3745861954,18.3740429331,18.3813343435,18.3972332821,18.4524979593,18.5461521821,18.6587731397,18.7508377945,18.7931748006,18.7886281249,18.7518806489,18.7031831906,18.6569326977,18.6306785714,18.6144273921,18.5967504244,18.5664554052,18.5394432249,18.5048862189,18.4699987123,18.4344388084
Australia,18.195548597,18.2461346712,18.2796626012,18.2904070592,18.2898619706,18.2766071442,18.259963858200003,18.2570193488,18.2703314968,18.3340405701,18.4429751203,18.574190034999997,18.6814643721,18.7306162234,18.7332147657,18.7098732745,18.6769496342,18.64235421,18.6185674911,18.5986754467,18.5773419443,18.5414187409,18.5090896502,18.4670826662,18.424844346,18.3812834362
Austria,14.6697204262,14.6787791656,14.683044805000002,14.6840355242,14.6786291816,14.6543123569,14.6245078688,14.5942759099,14.5693493285,14.5482016149,14.525809934200002,14.5041017336,14.4825965994,14.4656116768,14.447628922299998,14.4249170299,14.4024074224,14.3861184512,14.373780404600002,14.3704758521,14.3684483364,14.3660779231,14.3609017354,14.3576318739,14.3577367372,14.3621360785
Azerbaijan,10.4729228907,10.470248752,10.4731926154,10.4805980532,10.5011940732,10.5344498519,10.5664018952,10.5939726884,10.6066960886,10.6011647749,10.5905904923,10.5707995817,10.5528539041,10.5351273839,10.5101415494,10.4775425746,10.4436904276,10.4188031415,10.4063811969,10.4068142761,10.4079607225,10.4134442081,10.4210264013,10.427953318,10.4424031199,10.458851198
Bahamas,13.3477970486,13.3420824426,13.337737657099998,13.3382148591,13.3360864609,13.3413402543,13.3422061015,13.341984194,13.3431784868,13.3455077654,13.3455332263,13.346381246799998,13.3452806076,13.3479041197,13.346873249800002,13.3410869936,13.3392734285,13.3380470048,13.335651381,13.3381531423,13.3374746416,13.3379003663,13.3404274277,13.3436702844,13.3496697502,13.354575487
Bahrain,14.6205234952,14.6390828966,14.6513814032,14.6487858749,14.6416250774,14.6358228725,14.6279412744,14.6202200097,14.6053320926,14.5887701986,14.5645133789,14.529994294099998,14.4952695703,14.454022049,14.4125217481,14.3634111271,14.3169358333,14.2684557094,14.2304176222,14.2050374381,14.1874152882,14.1692639105,14.1542857235,14.1374409537,14.1278254961,14.1241709851
Bangladesh,13.3444439793,13.2707436693,13.199740438,13.1374143676,13.0936204062,13.068659454,13.0590129314,13.0470481705,13.0238075342,12.9975868257,12.9763790139,12.9638890403,12.9408643647,12.917324073,12.8828940875,12.8436730053,12.8011412792,12.758795961,12.7286453501,12.6977091903,12.6665056094,12.628852315,12.5885452086,12.546457914,12.503069056,12.4596799748
Barbados,13.497440097499998,13.5001801154,13.500170166200002,13.5027305589,13.4998063352,13.5011480961,13.501739530599998,13.5011538317,13.5034701533,13.5041576961,13.510786602,13.5164990105,13.5245752699,13.5284297355,13.5330613795,13.5362315209,13.5393229993,13.5459235715,13.5507116639,13.5516045499,13.5545948551,13.557124344400002,13.5590430743,13.5652415499,13.5675810077,13.5736469102
Belarus,12.1164035867,12.1388809748,12.1607041432,12.1776039696,12.192206877,12.2126776495,12.2330711915,12.2477592714,12.2634438714,12.263392412,12.2655451145,12.2657951789,12.2660178373,12.2611701562,12.2546226892,12.2392665983,12.2237756111,12.2010529024,12.186734387,12.1765080434,12.1650967799,12.1546817694,12.1452905442,12.1377500632,12.1298735955,12.1219690929
Belgium,14.662228929,14.6672574893,14.6752233008,14.6821204671,14.6942388263,14.719610310799998,14.7557420242,14.7899810009,14.8191302918,14.8524172143,14.8914955143,14.9256299408,14.9540546311,14.9814341521,14.9946700645,14.9945601193,14.9910667191,14.981686583699998,14.9820833638,14.9847454711,14.9885508477,14.9961630544,15.0002709029,15.0055341155,15.009287482,15.0180942245
Belize,13.2861446792,13.2958641476,13.3078367718,13.3180032978,13.3257228995,13.3409216512,13.3565220824,13.3640769351,13.3717794207,13.3764297388,13.385138163,13.3885181032,13.3977311726,13.3986121797,13.3988374209,13.4007286984,13.402023926600002,13.4041432536,13.4064347848,13.4093209573,13.413469609199998,13.417621340300002,13.4216755765,13.4248180483,13.4294584148,13.434708123299998
Benin,11.7979434023,11.7988566668,11.798801696,11.802523296,11.8066326527,11.8042713618,11.8036729923,11.8008587258,11.7999194412,11.7950749649,11.7947213545,11.7926831748,11.7939554439,11.7946751181,11.7956111868,11.8017731962,11.7997787011,11.8077006169,11.8091726156,11.8091590768,11.8104963824,11.8081860624,11.8050988502,11.8078390606,11.8052423439,11.8056244083
Bermuda,13.9036294944,13.9017340495,13.9021787661,13.9013009967,13.8976633408,13.8852438542,13.8694065799,13.8522486868,13.8399022691,13.8300991261,13.8201757523,13.8124011873,13.8001883138,13.7939696148,13.7842753652,13.7777989879,13.7693647139,13.7617451012,13.7596741554,13.7598066187,13.755625814,13.7532448013,13.7497963595,13.7481824846,13.7485742563,13.7459465758
Bhutan,12.3484216087,12.3078611458,12.2660833404,12.2261850716,12.1943690154,12.1665399914,12.1442537909,12.121344038,12.0964533647,12.0703960997,12.0487700064,12.0293428432,12.009517237,11.9913378794,11.9655417856,11.9409439002,11.9158027219,11.898154527200001,11.8862057317,11.8832850831,11.8803612474,11.8802449185,11.879789997,11.8817098368,11.8877916272,11.893735802
Bolivia,12.9099907523,12.9294211897,12.9439138233,12.949491988199998,12.9448818136,12.933497632499998,12.9195620447,12.9092155831,12.8988834268,12.8850757425,12.8678249116,12.8484304068,12.8324884949,12.823599286,12.8167142507,12.8084801305,12.8000312314,12.795870602,12.7887701982,12.7848960643,12.7821498249,12.7791408259,12.771494385,12.7700152091,12.7659430339,12.763132273899998
Bosnia and Herzegovina,11.7002003347,11.6960852972,11.69104245,11.6842184702,11.6493362594,11.5722349753,11.4820719587,11.3976940633,11.3349011964,11.297553883400001,11.2708058863,11.2455383147,11.2241635502,11.196957854,11.1649306412,11.1299092288,11.0961666952,11.0668248101,11.0490192535,11.0372216385,11.0238211823,11.0116941124,11.0046481342,10.999289514,10.9901781646,10.9893574544
Botswana,12.3728886659,12.3982082557,12.423387545,12.4422708417,12.4646399856,12.4897582477,12.5176925429,12.5409265513,12.555053053599998,12.5657714501,12.5729740491,12.5756336024,12.5821364259,12.5833506009,12.5845850079,12.582216765599998,12.5808138961,12.5783450381,12.5768724739,12.5744160879,12.5713802064,12.5706325023,12.5704143208,12.5689739916,12.5651891987,12.568166008600002
Brazil,14.2174710033,14.2210544926,14.229710014899998,14.241898680100002,14.3369786364,14.550503362,14.8086056631,15.0378489997,15.1699725989,15.2337645386,15.2984286994,15.3549295252,15.3935299304,15.4035361531,15.356308102300002,15.2501004074,15.1189689653,14.996784946799998,14.9168736735,14.866893562,14.8129834854,14.7537313235,14.692148890100002,14.6314178005,14.5710845655,14.512849458900002
Brunei,11.3815581727,11.3779683477,11.3776235543,11.3796760264,11.3864563883,11.3936143799,11.4025809474,11.40750616,11.4134225847,11.4181147963,11.4201777119,11.4242846504,11.4274429635,11.4270184984,11.4222732756,11.416956569,11.4114493331,11.4059441095,11.4051491039,11.4038393556,11.4053787724,11.4112929594,11.4191206666,11.4303163782,11.442819524,11.4519982632
Bulgaria,11.4825570928,11.496342242,11.5051603881,11.509269552,11.5104507352,11.5021100139,11.4894076795,11.4740299866,11.4610317154,11.4449398646,11.4250919124,11.4004917376,11.3751136879,11.3540736707,11.3352590696,11.3173362508,11.302013136,11.2871542979,11.2783227481,11.2699488438,11.2658653644,11.2611426701,11.2598256798,11.2610226005,11.2589629868,11.2619215781
Burkina Faso,11.9091048666,11.8948929196,11.8844487803,11.8796661553,11.8813693903,11.8883104031,11.8965505182,11.9078271149,11.911545497,11.9171734093,11.9166086797,11.9237539568,11.9232984936,11.9174650279,11.9044299425,11.8886607494,11.8711677416,11.8528700102,11.8393614762,11.8316019896,11.8277613182,11.8277911296,11.833430381,11.8423433036,11.854233928,11.8687408697
Burundi,13.3730145301,13.4006535232,13.427569153,13.4359152209,13.4321387531,13.4290283353,13.4168531985,13.3970261134,13.3793093981,13.374280286,13.3870579066,13.4022684868,13.4110321973,13.3969396499,13.3397018531,13.236013991600002,13.1198663336,13.0174426629,12.9613001642,12.9348857275,12.9175887334,12.9009040013,12.8957995522,12.8919306286,12.894270679200002,12.9042243661
Cambodia,13.385028664599998,13.3258942478,13.2597739938,13.1937127633,13.1237379356,13.05432225,12.9866266314,12.9153930183,12.8326221133,12.7507087045,12.6621586848,12.5745730138,12.4832850642,12.3903087439,12.2913683835,12.1910601939,12.0881268762,11.9933583528,11.9103520323,11.8392276502,11.7687988549,11.7074793492,11.6451958182,11.591853576,11.5418286641,11.4996306561
Cameroon,11.644420108,11.66131634,11.6709239961,11.6853669575,11.6980911871,11.7114619822,11.7285193046,11.7450537171,11.7538617278,11.7566257937,11.7594611417,11.7622883444,11.7636427931,11.7633463938,11.7716663942,11.7840939767,11.7993752414,11.815052478,11.8190178344,11.8239013267,11.8217500692,11.8213024923,11.8251945021,11.8208202591,11.8242052308,11.8177970549
Canada,15.583164856599998,15.5968261866,15.6055083536,15.6082493046,15.5675117708,15.4570596479,15.3211028462,15.2093026583,15.1605399707,15.1541977575,15.1389297408,15.1238303146,15.113043954399998,15.1000424621,15.1210277401,15.1921393446,15.2828863649,15.357788805200002,15.3895826501,15.3945090822,15.4027738228,15.4159163155,15.4338840759,15.4500235289,15.4771339554,15.508528659
Cape Verde,12.0050271254,12.028771722,12.0542135915,12.0807327439,12.1101202892,12.1452040523,12.1787456027,12.215654982,12.2424886618,12.2670345006,12.2943360415,12.3208130869,12.3414087034,12.3581400799,12.3660294441,12.3720570323,12.3767547743,12.3834393317,12.3835732943,12.3838065239,12.3841455917,12.3848467466,12.3862461925,12.3853254221,12.3846782384,12.3862865773
Caribbean,13.9380882408,13.9423093468,13.9419716629,13.9369392,13.9232367476,13.8975956471,13.8675321996,13.8384670639,13.814217092,13.7957258251,13.7778908062,13.7609609296,13.7462687791,13.7332577581,13.723474468,13.7130722587,13.7066172809,13.7030967849,13.701452626899998,13.7004728599,13.698164439,13.6955746885,13.692535459899998,13.6896045296,13.6847169825,13.6808970984
Central African Republic,12.6632998439,12.6777577646,12.6864100507,12.6924793763,12.6943015116,12.6981819071,12.7030238592,12.7104650886,12.7124177364,12.7161212554,12.7205190825,12.7240239071,12.7247712141,12.7233967861,12.723516011,12.715258078,12.7081424248,12.6996195952,12.6968588773,12.6969170235,12.6965456409,12.6945838078,12.6948716875,12.6957957915,12.6946598582,12.6971625873
Central Asia,10.9006231618,10.9151149299,10.9284676651,10.9402244977,10.9548982099,10.9754396966,10.9955054811,11.0113099313,11.0172551921,11.0123130257,11.0033103935,10.9901710465,10.9753530455,10.9608049993,10.944548122,10.9248669547,10.904076925,10.8863303673,10.873167655,10.8642110694,10.8553014411,10.8488416021,10.8428783434,10.8376797548,10.8348751571,10.8315213575
Central Europe,11.235934996,11.2411206634,11.2443638799,11.2434026847,11.2385082713,11.2253153468,11.2102878289,11.1927507288,11.1809290495,11.170655504,11.1633688923,11.1564846884,11.1491125856,11.1407060292,11.1331427913,11.1261861671,11.1221210854,11.1184109196,11.1158411971,11.1113957237,11.108353063,11.1042689617,11.1013351811,11.0980071102,11.0963373667,11.0953181147
"Central Europe, Eastern Europe, and Central Asia",11.5833110608,11.5983021299,11.6103025215,11.6170912931,11.6228003102,11.628264436,11.6326658844,11.633188562500001,11.6284796394,11.6169850577,11.6029005406,11.5866652785,11.5687864943,11.5510496985,11.5299111574,11.5050831927,11.4808671322,11.4593232879,11.4449150549,11.4355569847,11.4272945528,11.4202638368,11.4145466517,11.4099284041,11.4072959448,11.4055063317
Central Latin America,10.5222573468,10.5399707253,10.5549576891,10.5671571633,10.5798567096,10.5976161284,10.6172753443,10.6373158103,10.6548633198,10.6776494754,10.7059719334,10.7351441426,10.7610231979,10.7772074412,10.775616744,10.7582350625,10.7360613256,10.7154796835,10.7067596529,10.7077541546,10.7097671346,10.7144169469,10.7196279815,10.726197112,10.7341086007,10.7440370701
Central Sub-Saharan Africa,12.5402655888,12.5522314223,12.5648026943,12.577769291,12.5891422841,12.6009444467,12.613810334299998,12.623159652499998,12.6311878287,12.636230141,12.635406689,12.6348923139,12.631998712,12.6274954373,12.6176535693,12.6030189522,12.587295611999998,12.5731751706,12.5595414247,12.5502900952,12.5383028269,12.5269694139,12.5097031672,12.494394147,12.4804280602,12.4668321131
Chad,12.1287718686,12.1209743467,12.1193528557,12.1170710727,12.1320617858,12.1647581132,12.2058012182,12.240380668,12.257192005,12.2650022627,12.2741106938,12.2758409021,12.277791932,12.2743881028,12.2590686792,12.2299972916,12.1936280285,12.1635619132,12.1440034851,12.1318568215,12.1206409255,12.1088402862,12.0948561945,12.0829028488,12.0717163886,12.0658763734
Chile,16.212767591800002,16.2144914168,16.2107559437,16.2074937704,16.2006151524,16.1916068347,16.1826146921,16.172562854200002,16.1678644431,16.1616921293,16.1573597978,16.1538702498,16.1489562043,16.1391024562,16.113679438000002,16.0795125909,16.0373604152,16.0098230927,15.9986886923,16.0046000063,16.0137805096,16.020667974600002,16.0325261063,16.045631584200002,16.0583915934,16.0754862806
China,11.5421927456,11.5600455268,11.571455916,11.5743425636,11.5826722733,11.6055733332,11.6324030761,11.6523893254,11.6565649858,11.644286733,11.6252086342,11.6020996539,11.5805951547,11.5619741874,11.5555351484,11.5606611652,11.5712450189,11.5778285404,11.5722469814,11.5571693907,11.5391755061,11.5172630006,11.4915533854,11.4623998891,11.4309423525,11.3965006176
Colombia,10.0926952515,10.1061173131,10.1211806929,10.1342570153,10.1519547009,10.1828011503,10.2162143815,10.245987241,10.2636007402,10.2789467264,10.2916892759,10.3024610669,10.3143312255,10.3256641499,10.3029567847,10.2317585008,10.1431840827,10.0648454982,10.0300466007,10.0224117552,10.0170440361,10.0162586848,10.0161651622,10.018338436,10.02421171,10.0351287835
Comoros,12.2599839708,12.2713071028,12.2784928834,12.2834435203,12.2854771762,12.282907081,12.2769938742,12.2704921339,12.2646350347,12.2562707882,12.2460145449,12.2393885958,12.2323761621,12.230573159,12.2253388139,12.2164514038,12.2103226258,12.2048596276,12.2069362723,12.2118570068,12.216083018,12.228561431,12.2425099528,12.2637719163,12.2889962902,12.3157770151
Congo,12.4305756202,12.4334596816,12.431992301,12.4340284,12.4425237528,12.4560980562,12.4718210841,12.4805640882,12.4843613869,12.4737866752,12.4647420222,12.4544466878,12.4419884915,12.4276145987,12.4136864877,12.401430081,12.3850574939,12.3734496595,12.3597154023,12.3487215166,12.3370818227,12.324233252300001,12.3159965423,12.3045168247,12.2923105247,12.285289627
Costa Rica,10.8071721534,10.8107344499,10.818399867,10.8225373327,10.8259323515,10.8284153746,10.8333631702,10.8334369293,10.8396538634,10.8534896026,10.8682767804,10.8879859487,10.9073142499,10.9193403131,10.9360860216,10.9541430179,10.9714969946,10.9886042771,11.0040628025,11.0091343748,11.0174162376,11.0252299442,11.0328981994,11.042830185,11.0494115101,11.057277195
Cote d'Ivoire,11.40983291,11.4185286455,11.42490501,11.4282488448,11.4240306702,11.4127996845,11.3980228099,11.3829211841,11.3746783701,11.3762612795,11.377718186,11.3830703141,11.3866947757,11.3894049398,11.3892341797,11.3879699328,11.3897363435,11.3885985825,11.3904614554,11.3951229919,11.406745119,11.4151857326,11.4316458301,11.4536633874,11.4776647587,11.502833754
Croatia,11.7841256445,11.7853401943,11.7830510516,11.7801814547,11.7665606866,11.7414099889,11.7120791054,11.682140543,11.6550828461,11.6320878823,11.613349121,11.5988370834,11.5806542163,11.5653009394,11.5492975672,11.5283029278,11.5090854102,11.4947263023,11.4859023199,11.4817553822,11.4776538998,11.4730640659,11.4707860556,11.4686885899,11.4648094965,11.4643839193
Cuba,14.7977464309,14.7977056446,14.792404305599998,14.7781275299,14.7467159498,14.6900951263,14.619241754900001,14.5535899976,14.4938167257,14.445232954100002,14.3946628274,14.3470019695,14.3032510885,14.263926156100002,14.2280928926,14.194540721,14.1635328858,14.1410736585,14.1285106285,14.1223043346,14.1167852724,14.1108152431,14.1070048538,14.1043071842,14.1032475213,14.1043897633
Cyprus,14.2493989194,14.240181998,14.230418229,14.2270959302,14.2318101567,14.2332242404,14.2378494782,14.2442551905,14.2480862898,14.2540700543,14.2588954576,14.2636531471,14.2675367454,14.2704232819,14.2608089183,14.244379072,14.2231756832,14.2047157793,14.1977187945,14.1989535574,14.1981165629,14.2044425682,14.2145481356,14.2233841581,14.234793560699998,14.248145311900002
Czechia,11.559038839,11.5602921089,11.5592820259,11.5542662776,11.5409241416,11.5237370334,11.5045645818,11.4819019748,11.4670547431,11.4558417601,11.4498185792,11.4456683966,11.4398814375,11.4323656987,11.423840225,11.4124926537,11.400026084,11.3911097381,11.383915879,11.3788093624,11.3751269573,11.3673402321,11.3648603164,11.3594584261,11.3548143005,11.3507025196
Democratic Republic of Congo,12.5471185529,12.560759415,12.576691534600002,12.5934848232,12.6098097519,12.626711983300002,12.644884903,12.6592768194,12.6711329919,12.6817183067,12.686713843,12.6925431127,12.6970581306,12.6960569921,12.6871096608,12.6723698705,12.6546384773,12.6385757758,12.6213720576,12.610144187,12.5934760906,12.579298025899998,12.555443615699998,12.533246535199998,12.51490781,12.4931858515
Denmark,14.8657316594,14.854568597199998,14.8341488392,14.8164739406,14.7835563109,14.7287070349,14.6594735447,14.589100836999998,14.541154296799998,14.5037068802,14.4728935992,14.4429942328,14.4158212721,14.3964743472,14.369915680600002,14.3378401809,14.3116966602,14.2912808219,14.283683255999998,14.282180360400002,14.2769300426,14.2750991908,14.2739643124,14.2710913148,14.268320277,14.269327961700002
Djibouti,12.3397099095,12.3437209472,12.3451597282,12.3488302108,12.3587192982,12.3764325548,12.4014726547,12.4243512313,12.4451569672,12.4674475555,12.4943769684,12.522842391,12.5441313913,12.5549386935,12.5540952146,12.5501237354,12.5458320943,12.5390829441,12.5403734948,12.5419110598,12.5468347736,12.552309741,12.552783622,12.562199228,12.566449872400002,12.5763148412
Dominica,13.2370208128,13.2297132662,13.2218816092,13.2163647593,13.211130164099998,13.2054288775,13.204620206,13.2007346578,13.2009260926,13.201854267499998,13.2030538203,13.2094104912,13.2169684982,13.2206086982,13.2253943204,13.22827886,13.229339093,13.2344948025,13.2380533201,13.2412280382,13.2425179888,13.2473605439,13.2539868765,13.260393015399998,13.268642713199998,13.2793101046
Dominican Republic,13.418295274299998,13.4341300152,13.4450305367,13.456646717500002,13.468916209099998,13.4933962332,13.5207005684,13.5426296212,13.552629841800002,13.553717199,13.5514719547,13.5512983561,13.5516849313,13.551056186,13.556346951600002,13.5581831182,13.562651228299998,13.566357190700002,13.5703076543,13.5701801356,13.5689883604,13.569941600400002,13.5664094372,13.5609251816,13.553290823,13.547632386
East Asia,11.5370688885,11.5553980369,11.5673051286,11.571033025,11.5798956135,11.6029709011,11.6297583764,11.6497280118,11.6541790478,11.6424358609,11.6240687552,11.6018256296,11.5811289236,11.5632417113,11.5574171823,11.5630169233,11.5740682987,11.5810584714,11.5760165861,11.5616496482,11.5443829408,11.5233552185,11.498580661,11.4704012059,11.4399652453,11.4065490096
Eastern Europe,11.9679579717,11.9890157534,12.0077761662,12.0215340435,12.0345248436,12.0481586869,12.0598564716,12.0679876248,12.0686172765,12.0593833327,12.0432644393,12.0245257925,12.0042717424,11.9864629921,11.9627897902,11.9312846963,11.8995938793,11.8722437103,11.8571717907,11.8501249035,11.8428445986,11.8374574079,11.8348923014,11.8354715611,11.8388621921,11.8431072975
Eastern Sub-Saharan Africa,13.000865870700002,13.0062815615,13.0143524999,13.022553406,13.031462484,13.0430651601,13.0533751621,13.0591262223,13.0570944529,13.0457985255,13.024564326999998,12.9969954585,12.96839945,12.9420484691,12.9121524252,12.8749003457,12.836022107699998,12.801370338599998,12.7753378891,12.75588993,12.7393102053,12.7238513401,12.7113151549,12.6995131236,12.6903645959,12.6830535107
Ecuador,12.6047202537,12.6066568696,12.616277836100002,12.6246457297,12.6285822479,12.6320995859,12.6335163521,12.6293125344,12.6328926373,12.6411461908,12.662764994699998,12.6895751747,12.720978554599998,12.7371675131,12.7452452421,12.7453666905,12.7444866958,12.7490501801,12.7530294426,12.7546721039,12.7598115577,12.7696287179,12.7749707366,12.7848811347,12.793932371300002,12.8031613894
Egypt,15.195450521600002,15.1814235631,15.1576088378,15.1322058674,15.0738830089,14.9859479438,14.8812107972,14.7899286977,14.7336817307,14.7067028628,14.6860122033,14.6659708969,14.6443886534,14.6214970585,14.609300608,14.6213519928,14.634194868799998,14.6441299963,14.6315035662,14.6131896374,14.5966316431,14.5831081108,14.5739601077,14.5708792907,14.5698293177,14.5708048372
El Salvador,11.0441415075,11.0545701333,11.0617170305,11.0646444706,11.0614808378,11.0525006146,11.037503754,11.0219543443,11.0139757678,11.0068482714,11.0051411666,11.0056960472,11.0075121918,11.0090823573,11.0095934088,11.008960776,11.0120084178,11.0141091393,11.0170235394,11.0183291461,11.0193146575,11.0223228272,11.0234959777,11.0254860243,11.0298849049,11.0363547107
England,14.5786109301,14.5661802928,14.5593498913,14.5590111039,14.5656041943,14.5770393671,14.5890997964,14.5981281751,14.599174219,14.5838889315,14.5548665951,14.5216668663,14.493665301700002,14.4795309968,14.4845232717,14.5045360225,14.5295111648,14.551263701299998,14.560418077599998,14.5606267096,14.563777968,14.5685869932,14.575063103300002,14.5821466192,14.5891272075,14.5955015989
Equatorial Guinea,12.7140210957,12.7134788713,12.7066653464,12.703824976700002,12.6803699425,12.6205889172,12.5536711949,12.4889597816,12.4508910611,12.4298889739,12.4122291547,12.397759466,12.3874486075,12.3876384123,12.3882465815,12.3948565923,12.4086033147,12.4204845027,12.4296614726,12.4367743401,12.4483860039,12.4572529198,12.4662469394,12.4761420326,12.4890228232,12.4991770303
Eritrea,13.1296820852,13.1324245445,13.1300161486,13.1185718982,13.103832034400002,13.0778550303,13.0456393388,13.0197331519,12.9981340591,12.9776713288,12.9504265819,12.92522047,12.9043434181,12.8898933623,12.8845598703,12.8786578578,12.8708000321,12.868822603800002,12.8629811761,12.8628077613,12.862994744199998,12.8605692273,12.8609971031,12.8577842646,12.8576048901,12.8598253982
Estonia,12.6219880473,12.6262575419,12.6271760721,12.6293544281,12.6311458781,12.6285334833,12.6201810202,12.6092442229,12.5975000429,12.5747249867,12.5385819958,12.4970370809,12.4521863554,12.4114359609,12.3689897126,12.3227720144,12.2729380771,12.2336670417,12.196779849,12.1695695569,12.1421338496,12.1182372977,12.0933742206,12.0705483435,12.0533001237,12.0396861009
Eswatini,12.2257893763,12.2455102636,12.2637355322,12.27271345,12.2815827748,12.28612271,12.2922545126,12.3011893864,12.3095593719,12.3167907025,12.3300125468,12.3476189443,12.3645795632,12.3790998435,12.3922427183,12.4019158756,12.4130755054,12.424564779,12.4387021453,12.4522139278,12.4692151342,12.4849441306,12.5016679343,12.516171367699998,12.534331186,12.553792624900002
Ethiopia,13.522875999200002,13.5328688645,13.543823387000002,13.5531112022,13.5637112462,13.5739227769,13.5852058196,13.5939933263,13.5958095678,13.5862454187,13.5581025933,13.5161859539,13.4670504662,13.418397017700002,13.3565245654,13.2781361964,13.1948764815,13.1164850819,13.0588335509,13.015312429100002,12.9751788773,12.9381582848,12.9055008697,12.8757817916,12.8537994301,12.8383497914
Fiji,11.0770962068,11.083868854,11.0870493349,11.0928884822,11.0935897615,11.0903651341,11.0852996896,11.0792014975,11.0781632008,11.076839365,11.0770371407,11.0774251711,11.0807072147,11.0813478456,11.0850428052,11.0943778077,11.1044015125,11.1158260911,11.1225581089,11.1264234302,11.1266581778,11.1302366422,11.1305540728,11.1347710319,11.1336938505,11.1319887127
Finland,15.5404481683,15.5311246849,15.522239522699998,15.5112027206,15.4909541385,15.4538563641,15.4118491019,15.366759335,15.3284371912,15.2837753017,15.2235787826,15.1600100413,15.1076436167,15.079746258499998,15.0702712287,15.0641767015,15.0624701381,15.0536071866,15.0463905045,15.0301770393,15.009615993,14.9930948563,14.9698299688,14.9434476224,14.9181767657,14.8902418052
France,16.6407640279,16.6417485503,16.6496290563,16.655615402400002,16.6631198293,16.6753222912,16.6827013336,16.6930763377,16.696806235700002,16.6836829718,16.6519574891,16.612869640299998,16.5726891919,16.5444668042,16.5282007799,16.515181495500002,16.508665644500002,16.4976712557,16.4887123051,16.477333263,16.4663927262,16.4480433524,16.4294185256,16.408130651799997,16.386280100100002,16.361245236
Gabon,12.33550541,12.3412965755,12.3482154687,12.3523990635,12.3574015757,12.3616322754,12.3627145117,12.3662511939,12.3671087215,12.3690565273,12.3776137701,12.3919050149,12.4025427475,12.4038493102,12.3919148506,12.3721556837,12.3471732886,12.3288880726,12.3176436596,12.3122175493,12.3076567152,12.3063875342,12.3045564516,12.3034683126,12.3046982136,12.3060472847
Gambia,12.2818462603,12.293757719,12.3051643627,12.3131682768,12.3149440547,12.3166340906,12.3138918436,12.3178603051,12.3193444639,12.3229218994,12.3252483744,12.3306013151,12.3345327363,12.3290544241,12.3104155441,12.2765413512,12.2389910399,12.2116721802,12.2015962804,12.2034486433,12.2087775388,12.216545473,12.224564807,12.2357568693,12.2523853517,12.2680581749
Georgia,10.7516947439,10.7541391859,10.7685397619,10.7812990242,10.8037692166,10.8359272233,10.8670557651,10.8920279628,10.9048772122,10.9039973476,10.9021343543,10.8953921176,10.8853200715,10.8755124024,10.8605763086,10.840443218,10.8188338747,10.8045817854,10.7921589343,10.7867715083,10.7756292483,10.7704225394,10.76828063,10.7638681482,10.7635850588,10.7663552529
Germany,15.2712120827,15.3163729021,15.3432411208,15.3476620994,15.333971769900002,15.3133128444,15.2818832235,15.2565455433,15.2424746229,15.2334324847,15.2181968211,15.2002141308,15.1897249607,15.188353911300002,15.188890788100002,15.1926407993,15.197070902599998,15.1983107294,15.2015018795,15.202563244,15.201208030899998,15.1997991084,15.199761213,15.193526951600001,15.1802566226,15.1776062466
Ghana,11.5502970345,11.5398750357,11.531314254,11.5261936633,11.5223888041,11.5182867172,11.5175413308,11.5159879314,11.5151770198,11.517105178,11.5212778097,11.528317246,11.5370897631,11.5385405286,11.5293579819,11.5150009655,11.5004539993,11.4854366879,11.4741250143,11.4693551203,11.4668230851,11.4686264423,11.4747829184,11.4861219437,11.4989624231,11.5170939412
Greece,15.286178422,15.2773960063,15.2801061548,15.284191194899998,15.3052175083,15.3453975455,15.4004969525,15.4528662614,15.491680205300002,15.5334035246,15.580418710400002,15.628762880399998,15.6701343348,15.6926532035,15.6935735951,15.6879832701,15.6757661355,15.6611337442,15.6461591704,15.6355993444,15.6184823187,15.6008508343,15.582268890199998,15.5614016087,15.5402971291,15.517001365
Greenland,17.6843937812,17.7436755032,17.7824488166,17.8031780832,17.8081669351,17.8075947911,17.7999273576,17.7881863301,17.7718030992,17.7612280093,17.738643704599998,17.7150853339,17.699283355600002,17.6872824655,17.7071113987,17.7408420091,17.7798170405,17.806720538,17.8128652203,17.808263235200002,17.7970918467,17.7854389317,17.7698371836,17.7516558931,17.7224941225,17.697975108799998
Grenada,13.3299918656,13.3389715877,13.3444571684,13.351844737,13.3549986284,13.3615995669,13.362592373599998,13.368240209900002,13.3722333671,13.3725748737,13.3759448875,13.3778352372,13.3805219,13.3875118844,13.3865340391,13.3827594863,13.3814389325,13.3801701043,13.3820449442,13.382672995200002,13.3854088657,13.3868017371,13.3886783197,13.390952379500002,13.394679316,13.3984422109
Guam,11.3062433424,11.3212634937,11.3282046405,11.3359443504,11.3388497934,11.3395760956,11.3457611285,11.3460089724,11.3509318297,11.3530245943,11.3551304486,11.3589192617,11.3628177784,11.3676223834,11.3790248982,11.3933353823,11.4131529222,11.4275500778,11.4323779717,11.4280145988,11.4250591323,11.4219185887,11.4157997248,11.4101186767,11.3997349604,11.3904997594
Guatemala,11.1243679747,11.1479795453,11.1720237117,11.1967025334,11.2293100277,11.2708936732,11.3111547553,11.346337382,11.3674081865,11.3772046692,11.3818802517,11.3866290458,11.3834385191,11.3884573066,11.3797641937,11.3614829683,11.3421579911,11.3205308038,11.2980676585,11.28092109,11.2625673019,11.2438074323,11.2270890569,11.2098413865,11.1931113806,11.1788642304
Guinea,11.5464682718,11.5487710136,11.5545160111,11.5583387894,11.5633421672,11.5721894352,11.5788114015,11.5876890152,11.5916013056,11.6020576248,11.6154370154,11.6313952371,11.6459117502,11.6561150886,11.655151396700001,11.6527926032,11.654029846,11.6513270086,11.6522659945,11.6508788711,11.6501128187,11.6504899263,11.6497212151,11.6464202136,11.6477063028,11.6485651948
Guinea-Bissau,11.6152187176,11.6175353866,11.6209221141,11.6242173896,11.6302690766,11.632447902,11.6372131937,11.6408441559,11.646720595,11.6551784334,11.665746819,11.6807916197,11.6936458506,11.7032752101,11.7097753645,11.7166875233,11.7194052008,11.7271034984,11.7313033801,11.7302042555,11.7338299378,11.7332960846,11.7341589606,11.7338131199,11.7311006271,11.7322147135
Guyana,14.2364966425,14.2643690806,14.2926214665,14.3138502547,14.3321654859,14.346571131,14.3618686674,14.3789980133,14.3937176269,14.4153165888,14.4388417947,14.458330545900001,14.4780474849,14.4983507693,14.5156180178,14.5400759481,14.560640302,14.5781246874,14.5908506193,14.5936335657,14.5899594398,14.5864146282,14.5762208579,14.5649631561,14.5453434462,14.5229755403
Haiti,13.553942528,13.5678026655,13.5758393855,13.5793862835,13.574265077,13.5500878751,13.5246139545,13.4985979556,13.4857242804,13.4819269625,13.4813058524,13.4772850061,13.4778852724,13.4789440472,13.4850996634,13.4868351131,13.4968729965,13.5051743009,13.5089611672,13.511767219,13.5086411129,13.5054429067,13.5006927311,13.495845758700002,13.4846493022,13.4740514163
High SDI,14.749391786,14.7530400269,14.7587825397,14.7646546572,14.780003337299998,14.8075099532,14.838155069,14.866600027,14.8836632623,14.8894510051,14.8907024169,14.8903647265,14.8917999887,14.8956918346,14.8998494767,14.899995673,14.8987457373,14.8969157682,14.8980505157,14.902177431800002,14.9078792653,14.9150902344,14.9243627419,14.933650663100002,14.9446443732,14.9581378096
High-income,15.3030000295,15.3084111056,15.3160189829,15.3239120237,15.3415425759,15.3725971371,15.406923612599998,15.4393427365,15.459484583300002,15.4683092835,15.4727828356,15.4759848929,15.4810262528,15.4883063486,15.494589949099998,15.496387748500002,15.4958006443,15.4945827767,15.4968190953,15.5019763657,15.508412884200002,15.5157138359,15.524897891700002,15.5339004053,15.5435117145,15.5569158954
High-income Asia Pacific,11.8699240732,11.8777612332,11.8827428705,11.8884077244,11.8865073134,11.8771311672,11.8646593083,11.8552818758,11.8553859293,11.8566652446,11.8527307851,11.8454093823,11.8413790369,11.8442904148,11.8616147041,11.8923806816,11.9276803329,11.9614272537,11.9868601876,12.0069024502,12.0304804787,12.055550549,12.0835099288,12.1125171325,12.1430979571,12.1740110045
High-middle SDI,12.4603612335,12.47453492,12.4897968879,12.5005386829,12.518596936500002,12.5506417945,12.586814107,12.6201571285,12.6401113189,12.648874872,12.656481364,12.6626468654,12.667398831000002,12.6679854694,12.669840252,12.6744073664,12.6818044233,12.6879826513,12.6893270256,12.6886156374,12.6881734701,12.6863153945,12.6800492218,12.6710058243,12.6608955764,12.6483542498
Honduras,10.5314676762,10.5399982393,10.5460011327,10.551022742,10.5560399357,10.567136286,10.5762841642,10.5874435291,10.5920253194,10.5995310988,10.6092817541,10.6222018122,10.6352198968,10.6418326602,10.6461785019,10.6535473126,10.6587570783,10.6678884013,10.6718728545,10.6770918758,10.6808487898,10.6875088565,10.6906014701,10.6982047724,10.7049598505,10.7116693763
Hungary,11.7889602469,11.7971892341,11.7976246313,11.7960153507,11.7725750127,11.7213305062,11.6580094717,11.5968325304,11.5544936201,11.532210322,11.5153755408,11.5070628161,11.4965072601,11.4813379097,11.4652306347,11.4498810308,11.437008223,11.4283636215,11.4195207944,11.4134164123,11.4088818349,11.4029220408,11.4000644111,11.4007140137,11.4047385171,11.4123956502
Iceland,14.3666487639,14.3705546287,14.3696874173,14.3702939762,14.3636800484,14.348481671999998,14.3339974308,14.3164754526,14.3023642203,14.292220447099998,14.291869300599998,14.2894896163,14.2846521415,14.272017453300002,14.2481733391,14.2178169721,14.195560694,14.1839649686,14.1828080305,14.1877946397,14.1925418119,14.197411715,14.2001792498,14.2047059701,14.208625434399998,14.212627927499998
India,15.2589680454,15.2640908977,15.2636348636,15.2543148496,15.2334094745,15.2019962533,15.167307862,15.137567054600002,15.1207412103,15.1225406525,15.1368781821,15.154008371,15.1651220532,15.161522662,15.100349002300002,14.9759731361,14.827965168000002,14.698167215300002,14.6306541489,14.6080577626,14.5880869896,14.569641695,14.5542336454,14.5420878615,14.5330431695,14.5292316479
Indonesia,11.4865170808,11.4072046322,11.3370554744,11.2803760295,11.2321956632,11.1910015705,11.1539587524,11.1262134852,11.1046373156,11.0963912201,11.1006915222,11.1075577299,11.1091555829,11.0972867182,11.0630606529,11.0115079137,10.9508022985,10.8922996307,10.8437110695,10.8057652357,10.7712146537,10.738007821,10.7063475656,10.6793794517,10.6546347703,10.6354836095
Iran,18.0060215072,17.9984488745,17.9806218927,17.9527189662,17.910603818400002,17.8586060888,17.8005101254,17.7470385239,17.7065821799,17.6855351526,17.6814061169,17.685025513,17.687715421100002,17.6804942462,17.6858621248,17.720979833799998,17.7674356862,17.8075879504,17.8217783632,17.8185868753,17.815937442400003,17.8119143514,17.8028666319,17.7888930456,17.7648376669,17.7287658901
Iraq,14.1730131089,14.2653058294,14.3188121267,14.338449099799998,14.3082850039,14.2349822268,14.137510679500002,14.0438998879,13.9795287052,13.9397124356,13.8926310723,13.8453270255,13.8090121272,13.7699330012,13.7410852884,13.7155151376,13.6911845263,13.673445653,13.6510501123,13.6383145328,13.6312147336,13.6322796749,13.6380117614,13.6502669123,13.662339115899998,13.6817670706
Ireland,15.459098418200002,15.47753002,15.497567195199998,15.5043465636,15.511006490000002,15.5177857343,15.5174630294,15.5211554237,15.5287847417,15.5386563852,15.5535816808,15.5693798337,15.5782936648,15.5833536402,15.5926548611,15.6044920013,15.6227132025,15.6376422883,15.6418777102,15.6424127366,15.6414725707,15.6351580689,15.629628191799998,15.6244873954,15.6160646596,15.6060996027
Israel,12.9709290845,13.0079689059,13.0373452344,13.057548963000002,13.069486392400002,13.0682466776,13.0633311656,13.0593188543,13.053819872299998,13.0541760762,13.0501491262,13.0394877977,13.0286255549,13.0178243211,13.0070716267,12.995781715900002,12.9843458406,12.9719008341,12.954347841,12.9356941772,12.9094380663,12.8791184299,12.8436612097,12.8065290858,12.7604292656,12.716614730600002
Italy,15.043858084,14.9646544996,14.8950417899,14.8446238482,14.7888466663,14.7273756584,14.663118568799998,14.6132731079,14.5907373404,14.5914756849,14.5975677416,14.6074574353,14.618792679,14.6268486054,14.654141485300002,14.7151868153,14.7841831609,14.841103423900002,14.864508624,14.865735917,14.8667512666,14.869940238500002,14.8731089817,14.878477122,14.8844120027,14.8899699846
Jamaica,13.1741529993,13.1723685936,13.1663661618,13.1662886197,13.1680444435,13.1701040101,13.1691361154,13.1727005968,13.1736998722,13.1755125031,13.1817636886,13.1884804822,13.1907461027,13.1940666589,13.1986897188,13.2012541191,13.206837791,13.2118674231,13.2160014512,13.2186935958,13.2260879422,13.2312195075,13.2392740423,13.2503706637,13.2596069269,13.2697158997
Japan,12.0749303676,12.0832998015,12.0883956698,12.0930922405,12.0839422486,12.0584692777,12.0284174817,12.0043821594,11.998547095,12.0057741683,12.0131124707,12.0208652307,12.0288329661,12.0375186785,12.0539151773,12.0804350928,12.1108510777,12.1399051037,12.1606193476,12.1781381506,12.2009069274,12.2272019537,12.2573507284,12.2902300092,12.3249170324,12.3609159143
Jordan,14.9175344889,14.9358634085,14.945652258399999,14.951018438899998,14.9460966853,14.940551871900002,14.9298524254,14.9108732006,14.8934465733,14.8646178873,14.8280413077,14.7855493651,14.7412357649,14.6958399169,14.6486464132,14.5864355557,14.5193369896,14.4631475351,14.4263075462,14.4029191266,14.380677443100002,14.3635775444,14.3478952072,14.338575662,14.3349233534,14.3374578074
Kazakhstan,11.1390947235,11.1556815416,11.1719914906,11.1891728088,11.2165516502,11.249015708,11.2819592288,11.312921153,11.3285428498,11.3306538424,11.3292054873,11.3267758641,11.3207935803,11.3124808038,11.3048420732,11.2884567206,11.2753207237,11.262621963500001,11.2529793369,11.2458525671,11.242879930400001,11.2391294551,11.236449988,11.2357331523,11.2374136125,11.2377359033
Kenya,12.411537688,12.4115978513,12.4119598274,12.4131081516,12.4208975127,12.4379878966,12.4582650404,12.4756176093,12.4852228465,12.4932600743,12.5044943119,12.5163656837,12.5246775588,12.5254461501,12.5114576482,12.4819419302,12.446082122,12.4119624457,12.3870510603,12.3712545223,12.3577452957,12.3461333886,12.3369515792,12.330247538,12.3260685208,12.3249991188
Kiribati,11.4539161377,11.4598518141,11.4643963464,11.467074,11.4665409972,11.4580321559,11.4451046477,11.4337009456,11.4235291249,11.4133712465,11.4027414826,11.392319656200002,11.3824876312,11.3791710762,11.381287329,11.3840471054,11.3888524058,11.395732551,11.3948951883,11.3955971498,11.3932607008,11.3897017393,11.3857178952,11.3804517571,11.3731083209,11.3679480118
Kuwait,13.9896251252,13.9746889468,13.9573322598,13.948476243,13.9460002085,13.9428122903,13.9460744824,13.9452151632,13.949379488399998,13.954111121500002,13.9547567633,13.9554731841,13.959347074299998,13.9650108831,13.9678505273,13.9642718877,13.9617954828,13.9653309974,13.9787441682,13.9982999803,14.0197278094,14.0411152466,14.0616892972,14.085745242,14.1119068369,14.1380800547
Kyrgyzstan,11.104761969,11.1207559574,11.1350445094,11.1470594782,11.1623160711,11.182149221,11.1984880199,11.2113513078,11.2136281893,11.2050494984,11.195800311,11.1850326387,11.1715614682,11.1581063676,11.1417739262,11.1245541674,11.1002637716,11.0805036292,11.0676002212,11.0541830365,11.0452036823,11.0341142363,11.0285655432,11.018725933,11.0121095429,11.0068138706
Laos,13.331442883,13.2876642576,13.237591879400002,13.1868236686,13.131192276100002,13.0660466075,13.0008115886,12.9377429816,12.878261924,12.8352759535,12.8003060753,12.7729781339,12.7393243711,12.6850516632,12.6225000722,12.550377699,12.4806095097,12.4096381739,12.3429291664,12.2801432905,12.2249068208,12.1743084261,12.1267825583,12.0836973755,12.0458490141,12.0144683795
Latin America and Caribbean,12.5045389116,12.5106753881,12.5174343322,12.5243247946,12.5633056715,12.6493568267,12.753093561699998,12.8454970174,12.8992999952,12.928985999600002,12.9616251184,12.99160147,13.0134605478,13.0199156649,12.9966131149,12.9431947479,12.8785364079,12.8186329971,12.7796083121,12.7560435838,12.7314701281,12.7061243874,12.6797264601,12.6548501246,12.6303940527,12.607843483
Latvia,12.0609474755,12.063099338,12.063718585,12.0615305584,12.0492808612,12.024191024,11.9908171809,11.9584016572,11.9279112096,11.894197074,11.8494162105,11.7984237422,11.7541140277,11.7199900181,11.6942804696,11.6689825956,11.6499541874,11.6341436461,11.6296479994,11.6253800612,11.623742796,11.6206123885,11.6202280255,11.6240289698,11.6256514046,11.6333516914
Lebanon,15.8497499714,15.8880196356,15.9245336871,15.9577532094,15.982558578,15.9960454584,16.0048367271,16.009680277900003,16.0191621948,16.0356302168,16.0514880377,16.0657105105,16.075736188500002,16.0751692085,16.0676484817,16.070412782800002,16.073612965699997,16.0776327206,16.074426104,16.0623770177,16.050649947500002,16.032710264,16.013046949,15.9950083985,15.9704779968,15.9457488995
Lesotho,13.7963244525,13.7710734114,13.758260212500002,13.757508540300002,13.772131840499998,13.8021781581,13.835626113899998,13.8707097557,13.9009197824,13.9240753025,13.9497607337,13.9761682949,13.9990597345,14.0211695901,14.0437641695,14.0619947144,14.0809365572,14.0930691877,14.0989510218,14.0972554731,14.094270945099998,14.0923829303,14.0869972581,14.0833177716,14.0818230669,14.078643862099998
Liberia,11.8956700734,11.9396174523,11.9734512047,11.9989213912,12.0246976119,12.0528438797,12.07850379,12.0965335089,12.1054991201,12.1168932767,12.1420709519,12.1627774851,12.1803440918,12.1793890503,12.1650975902,12.1468223058,12.1316120772,12.1173527306,12.1064046772,12.0970472414,12.0852928378,12.0745697967,12.0707823275,12.0622433213,12.0603723549,12.054468446
Libya,14.2182163153,14.2297614058,14.244054832299998,14.2592142798,14.2715785203,14.2818988221,14.2922028913,14.3036019309,14.3115150262,14.3233429966,14.3366788131,14.345865106,14.352726135,14.3581822292,14.3590866469,14.358606450200002,14.354254550600002,14.3514426638,14.3521944801,14.3542934144,14.3827016552,14.4066724961,14.4421982514,14.484839223500002,14.5340289432,14.5869455142
Lithuania,12.28585305,12.3032312595,12.3186853112,12.3343167248,12.3512455112,12.3678851419,12.3895288599,12.4057886355,12.4105415616,12.3995099378,12.3739695445,12.3424206783,12.3097315041,12.286539746,12.2686077847,12.2518751274,12.2363615657,12.2218779959,12.2137591496,12.2063243594,12.1998542914,12.1939269674,12.193871904,12.1937098914,12.1954980603,12.2014310998
Low SDI,14.0375431875,14.0532936778,14.0596877032,14.0603398001,14.0608343667,14.0634893637,14.0683843183,14.0695726182,14.0692240716,14.0695025976,14.0743628332,14.077776109,14.0738333973,14.0640595811,14.0235935493,13.9511687689,13.8689250678,13.793517642,13.749988512,13.7280590835,13.7073001874,13.6856570477,13.6624589953,13.6380442934,13.6129260777,13.5897536196
Low-middle SDI,13.9911742482,13.984938901399998,13.9727459679,13.9538983968,13.9327825855,13.9130546005,13.8924466788,13.872767501300002,13.8513201197,13.8324996534,13.8171353046,13.8022565028,13.786198296400002,13.7653571083,13.7211731368,13.6507328245,13.571072489,13.5011956847,13.4566214118,13.4315011792,13.407244122199998,13.3827889567,13.3587065563,13.3340834624,13.309896123600002,13.287156504
Luxembourg,14.9759254324,14.9763112846,14.9755510132,14.970916772,14.9608063099,14.9344305785,14.9051923202,14.8778768005,14.850049617300002,14.8306590088,14.8079186398,14.784317267,14.7657553956,14.747332429000002,14.7243760023,14.7008349564,14.6754848839,14.6513586828,14.6407716682,14.6339136654,14.6290736424,14.625355608999998,14.6246619184,14.6253054384,14.6281371768,14.6309888939
Madagascar,12.7682665069,12.7233400838,12.6892938932,12.6779172193,12.6829031929,12.6926247847,12.7092407534,12.7231117532,12.7258829066,12.7209611913,12.7059270521,12.6947697473,12.6832154045,12.669363383000002,12.6612650308,12.6479309936,12.6323893685,12.6229649132,12.6144981302,12.6095997428,12.6035060678,12.5978617267,12.5952773559,12.5914389785,12.5954624726,12.5942648913
Malawi,12.528698551699998,12.5400114383,12.5458962954,12.542926158699998,12.5219219308,12.4760880443,12.4129102752,12.3546129385,12.3171185633,12.3010308429,12.2928634833,12.2878449506,12.2804459943,12.27071213,12.2493313255,12.2233905203,12.1996696921,12.1776795918,12.1710750323,12.1783273804,12.1894216332,12.2041889683,12.2248873119,12.2517360552,12.2833625153,12.3246556389
Malaysia,12.0590066212,12.0254642915,11.9944759683,11.9687588761,11.961570535,11.98436424,12.0220299631,12.0612819812,12.0878059432,12.1166226409,12.1766586331,12.2396367428,12.2911335927,12.3114907453,12.2995293316,12.2801512232,12.2581807402,12.2369479462,12.221571712,12.2063612274,12.1925966023,12.1827855145,12.1725227982,12.163084375,12.1554645863,12.1506963877
Maldives,12.2833952483,12.2626841146,12.2359087166,12.2029702505,12.1574706052,12.0978221144,12.035623255,11.9710411781,11.9076674758,11.8487422863,11.7910577471,11.736002132,11.6836343248,11.6266549738,11.5659279616,11.5034982623,11.4396824781,11.3809635242,11.3296525854,11.2866759693,11.2410204862,11.1989622583,11.1599061515,11.1230067683,11.092378906,11.0668351758
Mali,11.4286458156,11.42013812,11.4077293448,11.3986669727,11.3779766515,11.3434547065,11.3037541778,11.2682772522,11.2448968652,11.2335694894,11.224617012,11.2190257034,11.2112623698,11.2025812634,11.1930219015,11.180754367,11.1705879134,11.1646719809,11.159341531900001,11.1597126056,11.1626542529,11.1686280202,11.1784005869,11.186712919,11.1985154376,11.2163602981
Malta,14.4469256214,14.4394863975,14.430084400000002,14.4242682,14.418441838900002,14.4167325403,14.412258489,14.4093185742,14.4056610313,14.4033110838,14.400793813000002,14.4001094739,14.397032393199998,14.392933161499998,14.3768899989,14.3534229568,14.327679539900002,14.304009080999998,14.2942518937,14.294459662,14.2931325103,14.302011041000002,14.3110611347,14.3226126357,14.3370404034,14.3572480904
Marshall Islands,11.2774898315,11.2748615109,11.2759553061,11.2763103344,11.277392319,11.2771285078,11.2763155656,11.2750952921,11.2735229691,11.2743403242,11.2734399031,11.2701677584,11.2653044014,11.2621015219,11.2589035172,11.2534550365,11.2466592467,11.2409047508,11.234478893,11.2270056218,11.2177802193,11.2082395248,11.1948126344,11.1854415898,11.1689693516,11.1562201134
Mauritania,11.4522378158,11.4353583918,11.4228909951,11.4115254702,11.399581771,11.379114081,11.3631521676,11.3425303616,11.3246782299,11.3112548624,11.2974124768,11.281745764,11.2687952152,11.2596644458,11.2501808658,11.2363705479,11.2291699209,11.2252828204,11.2227699713,11.2256013225,11.2313015124,11.2419547899,11.2551599879,11.272221671,11.2938242036,11.3168582309
Mauritius,11.8510992386,11.813610986,11.7784734643,11.7505426462,11.7279844109,11.7181062209,11.7094868544,11.7066116158,11.6921540702,11.6798440248,11.6658574237,11.6537807106,11.639751813,11.6204500894,11.5934471694,11.5605295076,11.5315129446,11.5029951764,11.4790116627,11.4538458448,11.4292036294,11.4091079834,11.3855780438,11.3674804165,11.3476668021,11.330211365
Mexico,10.4741747123,10.4952644863,10.5117905262,10.524018161,10.5376421426,10.5568139594,10.580181032,10.6065158463,10.6324822772,10.6683134347,10.717077659,10.7681103341,10.8112978392,10.8358125298,10.8396399434,10.8318010916,10.8198184495,10.8073011676,10.802451759,10.8048471853,10.8102573882,10.8184452645,10.8287011307,10.8403330888,10.8541927821,10.8697103818
Micronesia (country),11.3194514915,11.3198771741,11.3215540187,11.3218409522,11.3195545578,11.3151130238,11.3089270754,11.3034939805,11.2963853627,11.2911475007,11.28504485,11.2774619825,11.2683225551,11.2644904656,11.2637114263,11.2645809124,11.2695094561,11.272183994,11.2736162944,11.2666839472,11.2594064318,11.250670599,11.2409477172,11.2324156699,11.2165498621,11.2061317406
Middle SDI,12.0979540154,12.093870903,12.0874349614,12.0782694775,12.0717752084,12.0716513948,12.0739559169,12.0755859018,12.0722468461,12.0679752072,12.0652786992,12.0628695128,12.0604646928,12.0538648345,12.0387571451,12.0131175593,11.9832576449,11.9567885689,11.938954524,11.9272505119,11.9146247661,11.9019999105,11.8907124505,11.8797816152,11.8701864798,11.862548905
Moldova,11.7445773361,11.7426610381,11.7462515722,11.7471396902,11.7520123096,11.7612804868,11.7721827294,11.7758896841,11.7676919065,11.7509484512,11.7311404951,11.7113469732,11.6895484525,11.6754657135,11.6621637389,11.6450299297,11.6293225396,11.6168116902,11.6076614051,11.6031697417,11.595232235,11.5855147302,11.5829947252,11.5751420965,11.5716654214,11.5677789844
Mongolia,11.2829758109,11.3154600988,11.341492024,11.3607469663,11.3728326462,11.3817211306,11.3910550493,11.3961565184,11.395432166,11.387954025200001,11.370515993,11.348216874,11.3319879539,11.3192907493,11.3147227015,11.3130194282,11.3086231313,11.3041870509,11.2966944204,11.2884891442,11.280333768,11.2727832363,11.261103758,11.2506194028,11.2451623537,11.237325268
Montenegro,11.2426732276,11.2525203078,11.2604952901,11.262588556,11.2631836112,11.262577942,11.2624532732,11.2638482437,11.2634191239,11.2637002548,11.2701695546,11.2756858597,11.277284989,11.2786119442,11.2760386288,11.2747595098,11.2702373,11.2685293231,11.2652993334,11.2624722647,11.2582250035,11.251272014,11.2436664101,11.2382090635,11.2305680792,11.2256978346
Morocco,16.4800818209,16.4672757455,16.457297856,16.460010452400002,16.4884341155,16.548847149,16.6201271324,16.6832585245,16.715183296899998,16.7196984916,16.7181045004,16.7120104775,16.7025777597,16.6945084447,16.6800354189,16.6552666219,16.6271195019,16.5993497986,16.5656040235,16.5328875009,16.4912489096,16.4395714099,16.3842359226,16.320930381500002,16.2519465092,16.180891358
Mozambique,13.0505589714,13.0560292614,13.0595865087,13.062622306800002,13.0614124759,13.049991123499998,13.0316421862,13.0096761045,12.990903211,12.967864243,12.9436213849,12.9205863998,12.8986030403,12.8736647231,12.8494940042,12.824096699000002,12.7994811419,12.7801183755,12.764392678200002,12.7538637383,12.7455561288,12.7379662733,12.7358523321,12.7346054203,12.7339974727,12.739506217
Myanmar,12.1739729109,12.1179801672,12.057733716,11.9976327209,11.9330723412,11.863527952,11.7904012755,11.7159786317,11.6437668542,11.5749691594,11.508842964,11.4431851685,11.3744558948,11.2960748602,11.208548685,11.106932314,11.0097039895,10.920480013,10.8424724899,10.7750074401,10.7176372782,10.6633066615,10.6136705559,10.5707886966,10.5362384372,10.5101784292
Namibia,12.0839668711,12.106835602,12.1266736992,12.1386399625,12.1384476581,12.129553855,12.116671338,12.1004235126,12.0908493971,12.0916444476,12.0890731121,12.0855263822,12.0838811405,12.080196704,12.068564139,12.0496709339,12.0267126584,12.0106204108,12.0052909685,12.0082195042,12.0133816036,12.0222828393,12.0350505599,12.05323876,12.0752925268,12.1071119603
Nepal,13.589676615999998,13.5314592253,13.4759698989,13.424955959000002,13.4021140772,13.4002646527,13.4093310351,13.416645886,13.4021875012,13.3754917073,13.3509757618,13.3245527504,13.299548093,13.2722084826,13.2428030399,13.209044464299998,13.1740957003,13.1398000278,13.1069560479,13.0730540585,13.0361161752,12.9933808306,12.9501342591,12.9019748983,12.8516188914,12.801883147599998
Netherlands,16.3115828655,16.4500545598,16.547999291500002,16.5863809587,16.5912152892,16.5894093703,16.5817580566,16.5682978611,16.5528654666,16.4811946672,16.337371625800003,16.16707668,16.0261383172,15.9615080019,15.956301961,15.9570412802,15.9579437717,15.963877084200002,15.9688145254,15.9748434209,15.9815545593,15.988670978399998,16.0033348233,16.0138385423,16.0304062169,16.0445936088
New Zealand,18.5780228047,18.6272907732,18.6770351001,18.7258688842,18.7896393537,18.871891353,18.9535719935,19.0146710046,19.0466459794,19.060675255,19.0768149821,19.094315227200003,19.1086032421,19.1154602486,19.0740917583,18.9690298185,18.8395794067,18.7315219102,18.6907910712,18.6918751583,18.692521492,18.6913030723,18.6926045976,18.6982270189,18.703793272,18.7124207228
Nicaragua,10.770175621,10.7930551717,10.8105155881,10.8258895226,10.8403157644,10.8618515573,10.8795368776,10.8931809103,10.9064487258,10.916464758,10.9288678297,10.9440476192,10.9566935277,10.9663690558,10.9721699259,10.9690184527,10.971555814,10.9698901725,10.9670707735,10.9683255091,10.9670530587,10.9687069281,10.9698410484,10.9691740523,10.9718765012,10.9720888011
Niger,11.9792120569,11.9987868395,12.0188616872,12.0324722117,12.0443381144,12.0618347809,12.0728756555,12.0843131244,12.0928935737,12.0928257083,12.0798011028,12.0671383082,12.0556608034,12.0472718573,12.0434499895,12.039788429,12.036389993299998,12.0329446195,12.0332602726,12.0331997098,12.0331653367,12.0324847201,12.0326712673,12.0360335039,12.0403560782,12.0455213498
Nigeria,12.0289971784,12.0215097434,12.0165908129,12.0145602935,12.0287572037,12.0707944415,12.1160922289,12.1582341888,12.1752043271,12.1703190745,12.1612244011,12.1447167954,12.1359801547,12.1321218752,12.1468333945,12.1779247278,12.2105359451,12.242317563,12.2549358984,12.2482655455,12.2302022532,12.1953599666,12.1538861881,12.0934698413,12.0277592691,11.9485055799
North Africa and Middle East,15.6608292274,15.6727454498,15.676056377700002,15.672805922399998,15.6589727319,15.6366806962,15.609066531499998,15.5796109407,15.5566099603,15.5387043646,15.5257825269,15.511266141499998,15.4919388391,15.468903931700002,15.4465436417,15.4211463154,15.3966404543,15.3678871145,15.3467548547,15.3273201426,15.3092688212,15.2953539582,15.2819973887,15.270333243,15.2593961479,15.2508310797
North America,16.9016288063,16.9012220217,16.9095137919,16.9231734369,16.9774257217,17.0806876227,17.1988726387,17.3000507683,17.3494315165,17.3611157016,17.3696713164,17.376461763600002,17.3817324695,17.3847302376,17.365596543600002,17.315659236600002,17.2548028601,17.199136156399998,17.1690610753,17.1589082656,17.150446281100002,17.146060215,17.1446844224,17.1460412181,17.1524773746,17.1638880406
North Korea,11.492236122,11.5476404022,11.5950020042,11.6409652857,11.6814132592,11.7224602752,11.7585575977,11.7823988579,11.7875970967,11.7783418269,11.7649917221,11.7509619831,11.7393752078,11.7327077161,11.7424269924,11.7682962714,11.7991551803,11.8269186617,11.8401473367,11.8456746663,11.8476509686,11.8485253747,11.8510220955,11.8513749377,11.8516035538,11.8499929531
North Macedonia,11.0887335523,11.0881922296,11.090012249800001,11.0901204236,11.0884037791,11.0812927294,11.0771471415,11.0709257365,11.0647198269,11.0577862266,11.0567776057,11.0537024614,11.0494407453,11.0447759426,11.0374376723,11.0299080515,11.0228594148,11.0170621053,11.0123389492,11.0103835359,11.0083646171,11.0068089958,11.0038931792,11.0017064698,11.0008152918,11.0017653831
Northern Ireland,17.2834141272,17.2784083677,17.2784513292,17.281409553,17.3716967313,17.5729374883,17.818134251500002,18.020175411,18.1089186239,18.1060994453,18.0910351839,18.0749684754,18.0564926765,18.0428062719,18.0341322556,18.0259215589,18.0183634127,18.0075139272,17.996735796,17.966211923299998,17.9072136831,17.815504383,17.7019734061,17.5674070718,17.4220774436,17.262592929900002
Northern Mariana Islands,10.8918686391,10.9140050463,10.9252959754,10.9284410961,10.9346492018,10.9426307459,10.9412306292,10.9343574444,10.9322412802,10.9534793227,10.9857360922,10.9999855585,11.0053310697,11.0078665259,11.0157013165,11.02635508,11.0329475305,11.0368737885,11.0413069129,11.0492414921,11.0563782059,11.0561018934,11.0481887397,11.0448154892,11.0385391948,11.035894073
Norway,16.4187002725,16.431079417,16.4382783186,16.4423452079,16.4175637599,16.3517897185,16.2719410619,16.200935078,16.1665589291,16.157062942899998,16.1474404202,16.138917805,16.1293639164,16.1225133799,16.101897095400002,16.061201458499998,16.0159349005,15.9775776376,15.9607539771,15.9633119811,15.971762433,15.9869047064,16.0090194765,16.039615803,16.0763444662,16.1195478965
Oceania,11.4635756429,11.461987707,11.4573784067,11.4511677809,11.4422660084,11.4303355058,11.4204122244,11.4116587221,11.4048082988,11.4053151655,11.4025507765,11.4032671519,11.4020835356,11.4021792182,11.4035461488,11.4052742101,11.4074953566,11.406399321,11.399956614,11.3903545691,11.3798920983,11.3650206223,11.3454688801,11.327305791,11.305102166,11.280698416
Oman,13.9623365409,13.9278355563,13.9026294902,13.877424660399999,13.8392552079,13.7941549499,13.7622383367,13.7523532711,13.7527728632,13.7512591145,13.754192035200001,13.7698655491,13.808121855,13.8296780851,13.814775485799998,13.7813181424,13.7584850264,13.747897814000002,13.7140105441,13.6534492294,13.600067097099998,13.5953836453,13.6083766353,13.6190932592,13.618610363299998,13.6324606456
Pakistan,12.4939841258,12.477901328,12.458567379,12.433750311,12.4169186837,12.3950909994,12.3710100847,12.3534455484,12.3362286621,12.3265208352,12.3188204303,12.316784509,12.3153435701,12.3083866669,12.2843391985,12.2377409829,12.1885661799,12.144195755,12.1176294324,12.1000403378,12.0809571742,12.0615065369,12.0372236049,12.0148229,11.9887422651,11.9676219096
Palestine,16.1871640946,16.1433113083,16.1087544435,16.0799824703,16.0696499396,16.0930943065,16.1298420782,16.1626132361,16.1843613852,16.1894972298,16.2007718701,16.2116907577,16.2215432052,16.226621816199998,16.2276916926,16.2273556588,16.220175309000002,16.213875915600003,16.2054613065,16.191647903699998,16.1633520171,16.1279269881,16.0832155931,16.030652394,15.9707419038,15.9066556886
Panama,10.6803053341,10.6821425348,10.6839292227,10.6842177383,10.6837948184,10.6812778838,10.6777821805,10.67930573,10.6772235467,10.6822730219,10.6909042269,10.6980920373,10.7061422666,10.7117795091,10.7122531407,10.7147369893,10.7125218818,10.7143865126,10.717129852,10.7210455168,10.725390955,10.7313519305,10.7417911979,10.7526583029,10.7654692162,10.7820480182
Papua New Guinea,11.5851010858,11.5784834346,11.5687392872,11.5573295151,11.5436567926,11.5266180357,11.5131006232,11.5012998198,11.4905894422,11.4890109189,11.4817998313,11.4796878267,11.4746597162,11.4723740908,11.471910889,11.4710836713,11.4712603141,11.4669715487,11.4568951449,11.4433381799,11.4293617935,11.4096693383,11.3844856014,11.3611595012,11.3340234678,11.3045826928
Paraguay,13.9888700848,14.0018592777,14.0119146721,14.0221601651,14.0253641599,14.031259059100002,14.0350941717,14.0369183938,14.0397885352,14.0449381601,14.0542777952,14.0667220952,14.0773436635,14.0878180962,14.0965227048,14.111652809,14.125216389,14.1414615981,14.152889471399998,14.1599233079,14.1700339731,14.1757495754,14.180258796,14.1883134391,14.1911406869,14.1922848005
Peru,12.1163782821,12.127563442,12.1349618978,12.1395459504,12.1435211306,12.1361361153,12.1273203562,12.1157700429,12.1061160838,12.1048445345,12.1065493619,12.10992498,12.1126076324,12.1118192788,12.109795461,12.1036284301,12.1008910341,12.1003479376,12.0976688952,12.0960470064,12.0941268953,12.0956666914,12.0946259947,12.0961630972,12.096035332,12.097070366
Philippines,11.6285094132,11.5793764895,11.5295645049,11.483253536,11.4287818996,11.364233305599999,11.2949717081,11.2352604105,11.1865075872,11.1576599599,11.136525934,11.1258460404,11.1142236483,11.092358577,11.0710326288,11.0485003108,11.0254277052,11.0006157499,10.9754042265,10.9492386714,10.9227459051,10.8985850201,10.8775863986,10.859036956,10.8414200606,10.8261372139
Poland,10.9939770459,11.0037689931,11.0140396675,11.0167875472,11.0207947853,11.0186450268,11.0174898673,11.010769493,11.0093736624,11.0018687447,10.9986595846,10.9943506377,10.9891824585,10.985555519,10.9866186967,10.992017948200001,11.0044632977,11.0118931887,11.0175150985,11.0141929014,11.0105871642,11.0066336863,11.0016721711,10.9932503901,10.9894339282,10.983524423
Portugal,15.5228260538,15.517192584200002,15.5122010383,15.5071673259,15.5010772486,15.5022088122,15.5041979169,15.5092553183,15.5130663756,15.5263298058,15.555963998,15.5919856614,15.6207191099,15.6328771101,15.6282317845,15.6282257698,15.621706050299998,15.61459356,15.6033028162,15.5875503474,15.556611307,15.5198879048,15.4781869503,15.4235784435,15.3726906627,15.3111569041
Puerto Rico,13.5964906232,13.6133141206,13.6265012523,13.6299012878,13.6215512291,13.5945574625,13.5598014576,13.5287760868,13.5156962011,13.5196065756,13.5290796089,13.5422220591,13.5516691145,13.557211349,13.5516660171,13.5387087932,13.521180457000002,13.5085539624,13.5025281569,13.5038893898,13.5143021075,13.5243943182,13.5369157057,13.554245412900002,13.5739966486,13.5955936631
Qatar,13.8477587321,13.856856419899998,13.8644741429,13.8734356099,13.8851369602,13.894371608200002,13.8970184231,13.8936148581,13.8926871489,13.8845713559,13.8747616478,13.8596632923,13.8356146631,13.8095935768,13.7739274742,13.7288033605,13.6806875194,13.6398158316,13.6160035177,13.609292799200002,13.6076519545,13.6027707922,13.596943561,13.5960935297,13.5942859239,13.5942830494
Romania,10.8266753127,10.8301841882,10.8309775392,10.8313983005,10.8331397968,10.8306531015,10.8312652561,10.8299321191,10.828261291,10.8302613282,10.8338247122,10.8355285602,10.8387763374,10.837765001,10.8345206462,10.830472175,10.826037493,10.822045529,10.8203909329,10.8180148642,10.8182431512,10.8178900796,10.8187985554,10.8206499928,10.8222226194,10.8276013187
Russia,11.8006839675,11.8242147573,11.8440269016,11.8596499208,11.872849047,11.8841896389,11.8934907617,11.8983298777,11.8970305644,11.887587974,11.8721602131,11.8541394918,11.834872502,11.8166109829,11.795760065,11.7703692153,11.7463279681,11.7270650745,11.7170828612,11.713234445,11.7106064931,11.7105988133,11.7128048489,11.7178379839,11.7262675441,11.7366593238
Rwanda,13.2742872186,13.2748950867,13.3005611298,13.3165967142,13.305166903000002,13.2777201963,13.2453065356,13.210802240799998,13.1844681653,13.155502167300002,13.1200208868,13.077799307,13.0300933037,12.9890439678,12.9252853557,12.844072056799998,12.7655814171,12.7033726036,12.669617623,12.6653476418,12.6613654755,12.6653832856,12.671749016700002,12.6850249918,12.7002730031,12.7185847636
Saint Lucia,13.3993806598,13.4019585825,13.4057486807,13.4081934018,13.409654694,13.4138674186,13.4175628211,13.418522627400002,13.425736573399998,13.4306948051,13.4355517115,13.4439051726,13.4494856237,13.4556691694,13.463699736,13.4730353861,13.4806977699,13.490975161,13.4935554798,13.4980811524,13.4991723109,13.5043879345,13.507115400299998,13.5092508734,13.5093033443,13.513722414000002
Saint Vincent and the Grenadines,13.245937347200002,13.245159737600002,13.248817847800002,13.2463803296,13.2548582391,13.273832426000002,13.2976885334,13.3185044113,13.3305881407,13.3359329676,13.3384919632,13.344241251,13.3507468671,13.3555216246,13.3635075577,13.3724826476,13.3834244156,13.3928360466,13.397514525599998,13.4038460014,13.4054230452,13.4108858788,13.4149137569,13.420005384,13.4207576082,13.4264459039
Samoa,11.1707064568,11.1771501851,11.1829912448,11.1810471485,11.1810434597,11.1757831759,11.1659799941,11.1559603263,11.1456914233,11.1326240948,11.1149113776,11.0966898248,11.0831149267,11.0702485438,11.0620212557,11.0564566662,11.0491457901,11.0463999656,11.0403425944,11.033931657,11.0275469902,11.020825989,11.0115496342,11.00362242,10.9927217424,10.9851264547
Sao Tome and Principe,11.282477364,11.2680319005,11.2584792907,11.254985727,11.250632513,11.2489579999,11.2452467778,11.2433107065,11.2442520157,11.2518138548,11.2668474014,11.2920630871,11.316943848,11.3303215304,11.3315486539,11.3338127103,11.3303429052,11.3298229868,11.3302701327,11.3309532785,11.3298154912,11.3337085595,11.3324431765,11.3377828538,11.3416052241,11.3518264042
Saudi Arabia,13.5269605837,13.5178081601,13.5145826293,13.512446875799998,13.512307264100002,13.509649323199998,13.5034832725,13.503298336,13.5053001229,13.5093477665,13.5220712096,13.534021076899998,13.5449783115,13.5497687446,13.552186079199998,13.5502855073,13.550390856700002,13.5513865632,13.552057367100002,13.558015204500002,13.5632641,13.574196786600002,13.5829794891,13.5943589806,13.607173652999998,13.6251466852
Scotland,14.3351252467,14.3356333994,14.3364560056,14.3356784244,14.3333105764,14.3308710948,14.3284355266,14.3246949006,14.3187385736,14.3054305333,14.2815620706,14.2588947689,14.2355446917,14.2253221199,14.2274211593,14.2373771816,14.2511790644,14.2607913886,14.268222112199998,14.2694480859,14.274034296900002,14.2794581723,14.2840678103,14.2928734334,14.2974563959,14.308212951999998
Senegal,11.4014206714,11.4115980117,11.416916037,11.4190699713,11.4139329736,11.401022126,11.3849384849,11.3730675226,11.3666174275,11.3653144507,11.3683425523,11.3732818567,11.3777163262,11.3788276841,11.3803343474,11.3777972421,11.3774307976,11.3739339679,11.3766327819,11.3826567832,11.3916900896,11.403359593,11.4187915482,11.4384391252,11.4607954943,11.4876396426
Serbia,11.3362091034,11.3475352233,11.3517801873,11.3550340669,11.3539118305,11.3446587672,11.3297760841,11.3172069054,11.3107820668,11.30255077,11.2919342977,11.281263075,11.2697897489,11.2592676126,11.2483417443,11.2395198754,11.2300991307,11.2265030528,11.2205671269,11.2150444483,11.2152383356,11.2121734623,11.2103361741,11.2089322661,11.2095585082,11.2066544713
Seychelles,11.0196223781,11.0056863751,10.9916563177,10.9833022577,10.9764489797,10.9733131285,10.9698146617,10.9687387226,10.9646451695,10.9621894648,10.9644034726,10.9677430254,10.96895632,10.964285578999998,10.9485557665,10.930574502,10.9122460935,10.8937364792,10.8793965938,10.867529145,10.8526141633,10.8405697688,10.8270494279,10.8168122964,10.8046269525,10.7950728201
Sierra Leone,11.6305285163,11.6382379956,11.6470893925,11.6547271187,11.6738503738,11.7060331711,11.7470953954,11.7859677331,11.8148196622,11.8359665484,11.8536213917,11.8710373143,11.8857373116,11.890389029,11.8895668197,11.8725471748,11.8505382945,11.8311993469,11.8122926493,11.7983145653,11.7835070231,11.7740309662,11.761477526899998,11.7498890324,11.7403579711,11.733323189
Singapore,12.8281781308,12.8555097772,12.871337164400002,12.8759510228,12.875094723399998,12.879069858,12.8859501997,12.8847739792,12.8725118886,12.8197055817,12.7359765688,12.6375286657,12.5552771406,12.5052434588,12.4848475778,12.4706878347,12.4564514966,12.452750433,12.4500754449,12.4469149539,12.4453859121,12.4421441013,12.4411805363,12.441376926599998,12.4407352385,12.4410589584
Slovakia,11.188426952,11.1916832615,11.1945647429,11.1959197203,11.1947274062,11.185738773,11.1780468893,11.1699570952,11.1597075565,11.1523546892,11.1494581745,11.1537475657,11.1508642684,11.1443022121,11.138784643,11.1290522111,11.1209204519,11.1128806969,11.1062265177,11.1033845663,11.0976797904,11.0941575278,11.0906491476,11.0901882647,11.0898879605,11.0868433214
Slovenia,12.064189253,12.0742268544,12.0816407783,12.0841188635,12.0722684409,12.0427097317,12.0075788062,11.9684892746,11.936774068,11.9115648904,11.8870812029,11.8623859829,11.8403635996,11.8088193124,11.7774253903,11.7369012668,11.6989115858,11.6678767806,11.6412236314,11.623743481,11.6097385739,11.5952459346,11.5849194302,11.5759329932,11.5674435502,11.5639021525
Solomon Islands,11.4877451081,11.4853252563,11.4819504897,11.4740342045,11.4643516916,11.4576094776,11.449610695,11.4431902264,11.4409045934,11.4486158564,11.4626370053,11.4791844848,11.4898092321,11.4943486467,11.496682953,11.4966202953,11.4928725845,11.4874254737,11.4804398039,11.471428459999998,11.4600805785,11.4461007056,11.4303055883,11.4126131456,11.3922534947,11.3679379993
Somalia,12.697390445100002,12.7077433648,12.7188940865,12.7277224352,12.7852782499,12.9064536858,13.0451894024,13.1650304539,13.2179679635,13.2083978981,13.180062872,13.1463513005,13.1174272714,13.1068933103,13.1659633135,13.29769335,13.4546106198,13.5867426462,13.6469127918,13.6392455007,13.6124575438,13.5594826642,13.4765365515,13.3646088415,13.2190415168,13.0370049424
South Africa,12.6371234365,12.6339302472,12.633494515,12.6354204623,12.644855961,12.6623663219,12.6836005354,12.704700534,12.7199746488,12.7380538183,12.7658702282,12.7952208733,12.8187051873,12.8317536122,12.8243499859,12.7976207052,12.7643559312,12.736572850799998,12.7243903908,12.7247281765,12.7263710793,12.7307901108,12.7378749577,12.7481241765,12.7614372004,12.7783935594
South Asia,14.7602430169,14.7534094877,14.742142345,14.7241669281,14.7000613237,14.6693376573,14.6377977809,14.6108789252,14.5928302457,14.5899054025,14.5977509161,14.6091466244,14.6146106238,14.6073913926,14.551109278900002,14.4412624548,14.312168992999998,14.1982807767,14.1373458494,14.1134165057,14.0916414102,14.070564204800002,14.050412370099998,14.0317427366,14.013937089,13.9999196067
South Korea,11.4024657649,11.4113225098,11.4175352111,11.4292938629,11.4506914995,11.4864451112,11.5231824206,11.5543363853,11.5714025982,11.5590274438,11.528144938,11.4870401858,11.4558796454,11.4457471929,11.4651941725,11.5061665188,11.5555344774,11.602213299,11.6399007476,11.6675616702,11.6949521613,11.7204067563,11.7452768382,11.7667980483,11.7882453778,11.8085065171
South Sudan,12.2175951633,12.226173528,12.2334456721,12.2402109555,12.2515744522,12.2653894497,12.280312786,12.2983726134,12.3121772083,12.319963459,12.321796498,12.3232941136,12.317478063,12.316444511,12.3106962426,12.3038809685,12.2974046928,12.2934078065,12.2927794906,12.2966320526,12.3008811624,12.3077265356,12.3109584187,12.3200373762,12.332568696,12.346421129
Southeast Asia,11.7429504845,11.6766950312,11.613773331,11.5567500747,11.5011643903,11.446654913900002,11.3936359053,11.3479823673,11.3073226715,11.2797777189,11.2619761201,11.2482605622,11.2324965387,11.2055691005,11.1657178802,11.1169068209,11.0647238625,11.0151167539,10.9718359587,10.9353420397,10.9017677461,10.8698048846,10.8408094041,10.8148542181,10.7916811585,10.7738623941
"Southeast Asia, East Asia, and Oceania",11.6034036797,11.5990791762,11.5906727929,11.5777769532,11.5686177971,11.5696939489,11.573119128,11.5732812312,11.5631932985,11.5441625901,11.5220270614,11.4979197736,11.4745936917,11.450769335,11.4327438123,11.4208010865,11.4117025495,11.4004950214,11.3820950545,11.3589924442,11.3351854156,11.3098145208,11.2829971699,11.2539582628,11.2248384325,11.1957139971
Southern Latin America,15.6990016488,15.7110032561,15.7209577682,15.7297015851,15.7372175327,15.7430451167,15.7477660925,15.7562640916,15.7631804371,15.7720331951,15.783374985599998,15.7936744085,15.8040470791,15.807484425599998,15.8021047125,15.7944859652,15.7865897037,15.7800512037,15.77987234,15.783472778400002,15.7896201121,15.7966184952,15.8047185871,15.8141541763,15.8217307681,15.8333348889
Southern Sub-Saharan Africa,12.4365707286,12.437602552,12.4413992114,12.4465794655,12.4564448909,12.4717941768,12.4892970483,12.5074990697,12.52065674,12.5363640466,12.5598828978,12.5836279601,12.6034959631,12.6150521983,12.6113025603,12.5920257744,12.5667420149,12.544650036999998,12.535250821999998,12.534802765299998,12.5363536704,12.5400645826,12.5462319557,12.5548948773,12.5668857995,12.581329192999998
Spain,16.259402803100002,16.2144612798,16.1822555309,16.1622497294,16.1375514084,16.0990581947,16.052574658900003,16.0069068176,15.9787752124,15.9637796241,15.9516734633,15.950821053,15.9520072821,15.9508622212,15.9702224793,16.0174987642,16.0710554673,16.1133478758,16.1332955598,16.1323542208,16.1389620742,16.1438809968,16.149774377,16.1579878023,16.1691251727,16.1766418629
Sri Lanka,12.6298765591,12.597726401,12.5609359437,12.517475805700002,12.4566578657,12.369865624,12.2748147532,12.1837385095,12.1148188402,12.0700753517,12.0386567251,12.0172729196,11.9961467616,11.9636178056,11.9175578004,11.8720812666,11.8224660767,11.7770345087,11.734923366,11.6964971074,11.6567610445,11.6188396636,11.5864529619,11.5496178206,11.5165555377,11.4830859386
Sub-Saharan Africa,12.4260409397,12.4263112926,12.428306014,12.4326071823,12.4409796651,12.4562490821,12.4714026625,12.4836208044,12.4872728393,12.4836467133,12.4756698312,12.4643138681,12.4530499314,12.4418420642,12.4300366099,12.4159451657,12.4008594089,12.3878801464,12.3760692674,12.3653855437,12.3538276266,12.3398642642,12.3257506229,12.3090105451,12.2934459882,12.2766203746
Sudan,17.130851410600002,17.1319864057,17.124328162999998,17.1097075377,17.078370978,17.0173971663,16.9449786635,16.8607651857,16.784890209,16.6990201369,16.5978190946,16.4951717287,16.4022130411,16.3265618815,16.2667738938,16.2175700442,16.1733459187,16.138933403,16.117438797600002,16.1009697207,16.0903580608,16.0795974809,16.0724239468,16.072511869,16.071892365300002,16.0817146194
Suriname,14.1108373374,14.13401129,14.1580540061,14.1775514749,14.1923420051,14.201876166800002,14.2078228249,14.2165650345,14.2246244307,14.2366363396,14.2529983083,14.2695083547,14.2858553015,14.3015340454,14.3211721108,14.3426062853,14.3663189296,14.3858498984,14.3954904497,14.4014358171,14.4061310198,14.4089027036,14.4055723575,14.4066586193,14.4014860325,14.3963693666
Sweden,15.7828748453,15.7818153834,15.7809661283,15.7773440466,15.7667822352,15.7522901346,15.734354860399998,15.7197660219,15.7126901646,15.705467545,15.698245775,15.6906759233,15.6877099923,15.6805272692,15.6742021969,15.6646294859,15.6504615083,15.6399146333,15.629665934600002,15.6214033639,15.6116776724,15.604205788200002,15.5950907456,15.5853627856,15.573536745,15.5630025941
Switzerland,15.230229798700002,15.2309137133,15.2259409149,15.2224928768,15.2036443498,15.1734883282,15.131777147,15.0971605404,15.0671510716,15.053107357199998,15.0419037378,15.040315971599998,15.0339043004,15.019356391,14.9949784829,14.9657887652,14.9323801641,14.9031422686,14.8844098623,14.872823712,14.8628367706,14.8566520945,14.852124988000002,14.8508123767,14.8497478733,14.8574804285
Syria,15.2755587154,15.2693344206,15.2623457023,15.2592678522,15.2471710353,15.2204967111,15.1865940541,15.145354215,15.1079112814,15.073467865599998,15.042244043299998,15.0074097543,14.9721221307,14.9373092938,14.8931482158,14.8395302499,14.7884114808,14.746590633600002,14.7314530839,14.7290266835,14.734611375199998,14.7372875945,14.7479484009,14.7651843546,14.7906267165,14.8158974468
Taiwan,11.3110586373,11.3210251473,11.3298488109,11.3426882165,11.3553086326,11.3757532404,11.3965220877,11.4158449827,11.4354220171,11.4528795616,11.4700859555,11.4893200222,11.5074441709,11.5202401077,11.5294238523,11.5328105419,11.540574996899998,11.5414303866,11.5423539474,11.5430613668,11.5404521429,11.5409225965,11.537323681,11.5334069929,11.5288738337,11.5221722912
Tajikistan,10.6587956156,10.6786628905,10.7044273298,10.7316687603,10.7702120624,10.8241634287,10.8809529668,10.9236227103,10.9372654084,10.930729292,10.919183359,10.9082382293,10.8957223986,10.8813697775,10.8607474353,10.8373183596,10.8106843004,10.7850788322,10.7631584777,10.7478338263,10.7350269824,10.7221105577,10.7100906846,10.6994019918,10.688739673,10.6782964983
Tanzania,12.6656207158,12.6735906964,12.6756447971,12.6766235321,12.6687319548,12.6540387443,12.6355994601,12.6114007706,12.5858311753,12.559080923900002,12.5240956288,12.4797877001,12.4456836257,12.4184942322,12.3941916883,12.3735409383,12.3525611736,12.3411969233,12.3372005412,12.3370547722,12.3406700427,12.3452215058,12.3536947555,12.3644452778,12.3758343215,12.3907610146
Thailand,12.769406028,12.6884083017,12.6143579974,12.5476679012,12.4887993801,12.4417708667,12.3976351938,12.360561913,12.3226033151,12.296185093,12.2723316877,12.2509090815,12.2276588239,12.1922935528,12.150872724,12.1099648721,12.0667034969,12.0258699227,11.9875686222,11.9537915089,11.922578769,11.887314132,11.8571766943,11.8264900566,11.8025016094,11.7816199458
Timor,13.153340125900002,13.0739245625,12.9998034803,12.929816427,12.8638561816,12.7877688308,12.7172809825,12.6580889859,12.6146643626,12.5978675656,12.5998573452,12.609613802399998,12.6096967704,12.5855053795,12.513599451,12.3908080262,12.2497836436,12.1168718486,12.0127818682,11.9374265664,11.8693743484,11.8015055393,11.7420229246,11.6957760778,11.6557981082,11.6274882427
Togo,11.7191103405,11.7302610292,11.7379400977,11.7486879246,11.7578953367,11.7699939966,11.7839429352,11.7943427501,11.8016670061,11.809808753,11.8150809507,11.8205700747,11.826119549,11.8297330825,11.8292977722,11.8273654578,11.8247960535,11.8198483222,11.8171981849,11.811926637,11.8051443926,11.802186553,11.7983817455,11.7919174979,11.7889508296,11.7882665839
Tonga,11.0015475489,11.0023708264,10.9984555898,10.9949601002,10.9910366757,10.98704723,10.9822772845,10.9794823271,10.9791249961,10.9820027425,10.986262986,10.9898925782,10.9974921111,10.9969379127,10.9971792264,10.9974842701,10.9950439803,10.9945640784,10.9940960258,10.9891960017,10.9860839474,10.9814330593,10.9773785775,10.9716239498,10.9664240192,10.9618257684
Trinidad and Tobago,14.0360521097,14.0449583691,14.0509095016,14.0527653613,14.0487507115,14.0331876421,14.0156706673,13.9922619817,13.9810873548,13.9716469828,13.9643690056,13.9596652864,13.9548184621,13.9564678597,13.9633568779,13.9773321277,13.996284216,14.013818485900002,14.0230452161,14.0323329137,14.0340210779,14.0307625414,14.0319519178,14.0318354441,14.0294295444,14.028433990700002
Tropical Latin America,14.21189357,14.2156857227,14.2243758019,14.2365171888,14.3293093531,14.5376755661,14.7893811447,15.0127851462,15.1414863109,15.203536229,15.2664724746,15.321493872,15.359033340200002,15.3687740792,15.3227567425,15.2195139219,15.0920243759,14.9733760939,14.8957615036,14.8471530988,14.7948084209,14.737102942800002,14.6771476117,14.6181373743,14.5593647139,14.5025898303
Tunisia,15.5967361671,15.5853959773,15.5714575659,15.5515822079,15.532771727,15.510390233,15.4939695899,15.4763843992,15.461644447,15.4540349924,15.4484848984,15.4419713361,15.4366134745,15.4280953275,15.4136031763,15.3941363215,15.3726283712,15.3526717285,15.340731747,15.3313842645,15.3222124336,15.3163192234,15.3115214889,15.3043250968,15.3005426747,15.299520394999998
Turkey,14.4980472795,14.4773774906,14.4614621803,14.4466549086,14.4388651626,14.4369271034,14.4379048215,14.4468851589,14.4554689771,14.4742008755,14.5091708815,14.5459685132,14.5769648326,14.5787881074,14.5631775774,14.5367529864,14.5042961636,14.4709531419,14.4445811682,14.4272702334,14.408437758,14.388891675599998,14.3671843154,14.3443786529,14.325939734,14.3051507066
Turkmenistan,10.8065601363,10.8149144806,10.8259804905,10.8352265404,10.8450938532,10.8531280782,10.8662923243,10.8726294158,10.8767650577,10.8725637855,10.8627797465,10.8465249594,10.8319142374,10.8141794087,10.7919869318,10.7652226458,10.7354096254,10.709426248,10.6906961089,10.6782520714,10.6692020176,10.6621206165,10.6594510371,10.6582663072,10.6636194564,10.6686793052
Uganda,13.6861021453,13.7210150424,13.7604391756,13.802773726699998,13.854879717,13.9381569092,14.0208284107,14.0858537593,14.1155217964,14.099703959,14.0536100495,13.993127737399998,13.9331630493,13.8959926789,13.8656213067,13.8142395829,13.7623616367,13.7139115515,13.674328002,13.6378420084,13.6067040641,13.571801913,13.541434147,13.5100792712,13.4797996292,13.44860807
Ukraine,12.3747464682,12.395836071000002,12.4153554469,12.4256117982,12.4402639609,12.4654968378,12.4889991405,12.5096472746,12.5158757568,12.507238653300002,12.4912952351,12.4731385069,12.4505168176,12.4341484363,12.3984987916,12.3478889427,12.2923492647,12.2398911195,12.2092215131,12.1942831496,12.1776085845,12.1617329352,12.1488073105,12.140230126,12.1332762127,12.1247130591
United Arab Emirates,12.4297851653,12.4337370826,12.436349454,12.4378440168,12.432459392,12.4235632078,12.4067158401,12.3875368611,12.3748963545,12.3632593054,12.3542060202,12.3434113566,12.336660972,12.3244629219,12.3209410902,12.310578894,12.2977844752,12.2837234865,12.2723838368,12.2630745716,12.2580772245,12.2542940377,12.2576404683,12.2684009801,12.2825464963,12.2909369327
United Kingdom,14.6369018371,14.6276508652,14.62300091,14.623347484400002,14.6314411827,14.6462333979,14.6628217481,14.6756854149,14.6783267399,14.6641313137,14.6372385483,14.6068460737,14.580597434,14.5672566802,14.5706130358,14.5874567165,14.6085196332,14.6267846782,14.634568298699998,14.6339721064,14.635626286,14.6378909808,14.6409941334,14.6442867415,14.6471239666,14.649797989
United States,17.044813828,17.043091873399998,17.051516822,17.066462559199998,17.1312919298,17.258021065,17.403808212999998,17.5277724514,17.5872479831,17.6003654436,17.611203255,17.6201612445,17.6270443087,17.6316883013,17.6082089132,17.545365994,17.4682228045,17.398471558100002,17.3617724522,17.3501304217,17.339964747899998,17.3337456201,17.3302540182,17.3299790504,17.3342075787,17.3435577511
United States Virgin Islands,13.6326992671,13.6425948786,13.6532585945,13.6616007501,13.6596622464,13.6579199096,13.659516083100002,13.6576492624,13.661825594400002,13.6749827169,13.696820905,13.7208221593,13.7463411554,13.7643161334,13.7811998443,13.797856350500002,13.8128252973,13.8251791957,13.8323348245,13.8316940911,13.8318865207,13.8335041813,13.8298841576,13.8278908629,13.8205849561,13.814139505699998
Uruguay,15.3578986101,15.364270244299998,15.3668363961,15.3729243027,15.3850448624,15.404888779,15.4255691927,15.450725535099998,15.4691991814,15.483348733800002,15.5031660161,15.529245172,15.5562271087,15.5706186205,15.5827402829,15.5987125016,15.6175634788,15.6340067224,15.6473331171,15.6614070636,15.6784657014,15.694806023,15.7148904972,15.7333756223,15.7505812292,15.7733780918
Uzbekistan,10.9415265745,10.9612908324,10.9715859075,10.9766001751,10.9735221071,10.9715491322,10.9680744899,10.9616601745,10.9560063207,10.9473976028,10.9343323236,10.9149655108,10.8937012079,10.8753360874,10.8575989857,10.8390894324,10.8192996785,10.8021252436,10.7902122019,10.7816396827,10.7693719927,10.7615140061,10.752140225,10.7453806307,10.7389266404,10.7308862779
Vanuatu,11.2973137875,11.3015872375,11.301740819700001,11.299128888,11.2926740877,11.2842787096,11.2762213347,11.2691790491,11.2666401696,11.265910216,11.2669670877,11.2652925382,11.269123691,11.2720774507,11.2695955685,11.2651050727,11.2610350731,11.2542421581,11.2435521639,11.2384388802,11.2329469676,11.2253488639,11.217652489,11.2096040608,11.202929703,11.1935211656
Venezuela,11.0611100229,11.0806390733,11.0941670615,11.1061375485,11.1032908212,11.0902387731,11.0720499091,11.0531443599,11.0424629697,11.0400467995,11.0328597622,11.0248639911,11.0254445522,11.025876543,11.0320283098,11.044193227,11.0615593121,11.0757758353,11.0839232364,11.0937756373,11.0982748713,11.1059061248,11.108576256,11.1123687207,11.1109040289,11.1100486213
Vietnam,10.7583400109,10.7068714535,10.652803903,10.5938694738,10.5252553582,10.4486443872,10.3731829212,10.3056104015,10.2427766947,10.1926563421,10.1486608763,10.1070013311,10.070071772,10.0320666277,9.98896613415,9.94220792148,9.89833676766,9.85867586941,9.82508804316,9.79902208726,9.77566376466,9.754010152629998,9.73780248471,9.72627841988,9.71525496267,9.71582269832
Wales,14.6168306554,14.627091776100002,14.6358389567,14.6393756004,14.6380713901,14.629357543,14.6205995503,14.6141511552,14.6034540619,14.5941196809,14.5848668169,14.5743598703,14.5635099527,14.554465921199998,14.536133200099998,14.5226851908,14.502548626,14.4907236791,14.4834914783,14.4816465152,14.485172574899998,14.4915386024,14.501727290300002,14.5109432234,14.5259242234,14.5459155665
Western Europe,15.4640949542,15.4588723525,15.453041091,15.4441769229,15.4304294999,15.4140449469,15.3938355974,15.3772983845,15.3671768045,15.3568017173,15.3391774937,15.320128955599998,15.3041200538,15.2955121385,15.2980739963,15.3107668851,15.3265061079,15.3376577029,15.340881819300002,15.3371807686,15.333307591,15.3285005532,15.3242421475,15.3185529835,15.3112208891,15.3060390637
Western Sub-Saharan Africa,11.8439027423,11.841045503,11.8389822656,11.8387840019,11.846534253,11.8675362821,11.8902007831,11.9113750372,11.9197445301,11.9182742565,11.9143689951,11.9077826021,11.9045228047,11.9020459614,11.9067362685,11.9176518676,11.9291684967,11.9403850553,11.9433529913,11.9390718958,11.930086506,11.9139351497,11.8962805469,11.8705745755,11.8440001385,11.8118729709
World,13.1665287932,13.1665935168,13.1642200353,13.1587524561,13.1566961173,13.1606755396,13.1662246871,13.170646854,13.1696115202,13.165264532000002,13.1607539173,13.1552645318,13.1490107912,13.1402477035,13.122592999400002,13.0938209572,13.0615418962,13.0324211041,13.0131650394,13.0022965568,12.9921090468,12.981718345,12.9711857664,12.9595187087,12.9487827186,12.9384901991
Yemen,15.9466782826,16.004250849800002,16.0513908394,16.0959823375,16.1359565074,16.1769257849,16.2152643265,16.2463511082,16.2611579876,16.2473429796,16.2123748906,16.1556682337,16.0971824539,16.0391888307,15.9846833274,15.9128129218,15.8466440199,15.797268795,15.7792555934,15.7843943719,15.7921427954,15.801704505200002,15.8173421293,15.8436297371,15.878566436,15.922114141400002
Zambia,12.2359529757,12.2501106,12.2638427002,12.2688066806,12.2670595398,12.2528037213,12.236367591,12.2172422689,12.2089003366,12.2110803291,12.2150127353,12.2169526573,12.222756366,12.2254495163,12.2156785348,12.2051837955,12.1859028849,12.1713430785,12.1624895734,12.1606964192,12.1693281093,12.1829313305,12.2088275995,12.2328011987,12.2623564408,12.2992138642
Zimbabwe,11.3855114665,11.4041247474,11.4226601066,11.4360907182,11.4407151882,11.440038231,11.4356882792,11.4379502958,11.4373305084,11.4419939239,11.4527627463,11.4627680372,11.4753899521,11.4868814816,11.4993539052,11.5111451197,11.5189852059,11.5242959109,11.5326145779,11.5379565679,11.5497092349,11.5608546367,11.5745426875,11.5885366949,11.6068871964,11.6203670636
